ID,Title,Slug,URL,Published,Last Modified,Word Count,Internal Links,Has 2025 in Title,Title Updated 2026,Content Updated 2026,Internal Links Added,Meta Desc Optimized,Last SEO Update,Status,Notes
11305,Ribeye vs Rib Steak: Which to Buy in 2026? (+ Prices),difference-between-ribeye-steak-and-rib-steak,https://griddleking.com/difference-between-ribeye-steak-and-rib-steak/,2025-12-26T12:00:00,2026-02-12T10:15:29,3051,12,—,✅,✅,✅,⏳,2026-02-12,✅ Updated 2026-02-12,
20732,Commercial vs Residential Griddles 2026: Complete Buying Guide,commercial-vs-residential-griddles-2025-complete-buying-guide,https://griddleking.com/commercial-vs-residential-griddles-2025-complete-buying-guide/,2025-10-31T15:41:55,2026-01-27T13:31:42,2272,0,—,✅,⏳,✅,⏳,2026-02-12,✅ Updated 2026-02-12,Fixed: 6-10 internal links added
20731,Griddle Temperature Control Guide 2026: Master Your Heat Zones,griddle-temperature-control-guide-2025-master-your-heat-zones,https://griddleking.com/griddle-temperature-control-guide-2025-master-your-heat-zones/,2025-10-31T15:37:34,2026-01-27T13:31:45,2573,0,—,✅,⏳,✅,⏳,2026-02-12,✅ Updated 2026-02-12,Fixed: 6-10 internal links added
20730,Electric Griddle Setup Guide 2026: Complete Installation & First Use,electric-griddle-setup-guide-2025-complete-installation-first-use,https://griddleking.com/electric-griddle-setup-guide-2025-complete-installation-first-use/,2025-10-31T15:33:31,2026-01-27T13:31:48,2448,0,—,✅,⏳,✅,⏳,2026-02-12,✅ Updated 2026-02-12,Fixed: 6-10 internal links added
20718,Griddle Cooking Tips: Essential Techniques for 2026,griddle-cooking-tips-essential-techniques-for-2025,https://griddleking.com/griddle-cooking-tips-essential-techniques-for-2025/,2025-10-31T13:08:35,2026-02-12T10:24:00,3319,90,—,✅,✅,✅,⏳,2026-02-12,✅ Updated 2026-02-12,
20679,15 Easy Griddle Breakfast Ideas to Start 2026 Right,15-easy-griddle-breakfast-ideas-to-start-2025-right,https://griddleking.com/15-easy-griddle-breakfast-ideas-to-start-2025-right/,2025-10-31T10:35:35,2026-01-27T13:32:15,5087,150,—,✅,⏳,✅,⏳,—,⏳ Pending,
20676,Best Electric Outdoor Griddles 2026: Complete Reviews & Guide,best-electric-outdoor-griddles-2025-complete-reviews-guide,https://griddleking.com/best-electric-outdoor-griddles-2025-complete-reviews-guide/,2025-10-31T10:03:03,2026-02-12T10:23:57,2320,0,—,✅,✅,✅,⏳,2026-02-12,✅ Updated 2026-02-12,Fixed: 6-10 internal links added
20426,Traeger Flatrock 2 Zone Review: What You Actually Need to Know,traeger-flatrock-2-zone-review,https://griddleking.com/traeger-flatrock-2-zone-review/,2025-07-21T11:14:52,2026-01-27T13:32:21,1170,47,—,—,⏳,✅,⏳,—,⏳ Pending,
2279,"Blackstone 17"" vs 22"" Griddle: A Comparison Guide For 2026",blackstone-17-vs-22-models-compared,https://griddleking.com/blackstone-17-vs-22-models-compared/,2025-07-07T15:54:58,2026-01-27T13:32:24,1725,0,—,✅,⏳,✅,⏳,2026-02-12,✅ Updated 2026-02-12,Fixed: 6-10 internal links added
2050,Are Blackstone Griddles Pre-Seasoned? First-Time Setup Guide,do-blackstone-griddles-come-pre-seasoned,https://griddleking.com/do-blackstone-griddles-come-pre-seasoned/,2025-07-07T13:38:13,2026-01-27T13:32:28,1847,0,—,—,⏳,✅,⏳,2026-02-12,✅ Updated 2026-02-12,Fixed: 6-10 internal links added
1390,Best Griddle Seasoning Oils: 7 Best Options,choosing-right-oil-for-outdoor-griddle-seasoning,https://griddleking.com/choosing-right-oil-for-outdoor-griddle-seasoning/,2025-07-07T13:34:07,2026-01-27T13:32:31,1231,1,—,—,⏳,✅,⏳,2026-02-12,✅ Updated 2026-02-12,Only 1 internal links
1302,Complete Camp Chef Griddle Seasoning Guide: Setup to Long-Term Care,do-you-need-to-season-camp-chef-griddle,https://griddleking.com/do-you-need-to-season-camp-chef-griddle/,2025-07-07T13:15:40,2026-01-27T13:32:33,1606,0,—,—,⏳,✅,⏳,2026-02-12,✅ Updated 2026-02-12,Fixed: 6-10 internal links added
1407,Do Blackstone Griddles Come With Lids? A Guide + Best Alternatives,blackstone-grill-with-lid,https://griddleking.com/blackstone-grill-with-lid/,2025-07-07T08:29:01,2026-01-27T13:32:37,1742,0,—,—,⏳,✅,⏳,2026-02-12,✅ Updated 2026-02-12,Fixed: 6-10 internal links added
14086,Griddle Cooking Without a Backyard: Steelmade USA’s Game-Changing Plates for Apartments & Condos,best-griddle-alternatives,https://griddleking.com/best-griddle-alternatives/,2025-05-20T11:37:54,2026-01-27T13:32:40,2313,42,—,—,⏳,✅,⏳,—,⏳ Pending,
4274,American-Made Griddle Perfection: Steelmade USA Outdoor Griddle Review (2026 Update),steelmade-usa-american-made-outdoor-griddle,https://griddleking.com/steelmade-usa-american-made-outdoor-griddle/,2025-05-20T11:25:53,2026-01-27T13:32:43,1898,67,—,✅,⏳,✅,⏳,—,⏳ Pending,
7192,Best Outdoor Griddles 2026: Expert Reviews of 10 Top Models,best-outdoor-griddle,https://griddleking.com/best-outdoor-griddle/,2025-01-24T15:22:51,2026-02-12T10:20:35,4541,164,—,✅,✅,✅,✅,2026-02-12,✅ Updated 2026-02-12,
9003," American-Made Smokers: Built to Last, Made to BBQ",smokers-made-in-the-usa,https://griddleking.com/smokers-made-in-the-usa/,2025-01-24T14:48:35,2026-01-27T13:32:50,1431,36,—,—,⏳,✅,⏳,—,⏳ Pending,
19846,Best Value GrillsThe Best Grills Under $500 (That Actually Last),best-value-grills,https://griddleking.com/best-value-grills/,2025-01-22T12:41:04,2026-01-27T13:32:53,2014,52,—,—,⏳,✅,⏳,—,⏳ Pending,
172,Complete Flat Top Grill Cleaning Guide 2026: Expert Tips,how-to-clean-a-flat-top-grill-or-griddle,https://griddleking.com/how-to-clean-a-flat-top-grill-or-griddle/,2025-01-22T11:20:11,2026-02-12T10:29:05,2061,6,—,✅,✅,✅,⏳,2026-02-12,✅ Updated 2026-02-12,
19819,Stop Wasting Money: Choose the Right Charcoal for Grilling,how-to-choose-the-right-charcoal-for-grilling,https://griddleking.com/how-to-choose-the-right-charcoal-for-grilling/,2025-01-22T10:59:55,2026-01-27T13:32:59,1205,29,—,—,⏳,✅,⏳,—,⏳ Pending,
1348,I Scratched My Blackstone Griddle (And How I Fixed It),can-you-scratch-a-blackstone-griddle-solved,https://griddleking.com/can-you-scratch-a-blackstone-griddle-solved/,2025-01-21T13:44:42,2026-01-27T13:33:01,738,2,—,—,⏳,⚠️,⏳,—,⏳ Pending,Only 2 internal links
1317,How to Convert Your Blackstone Griddle to Natural Gas? It's Easy!,convert-blackstone-griddle-natural-gas,https://griddleking.com/convert-blackstone-griddle-natural-gas/,2025-01-17T12:19:45,2026-01-27T13:33:04,986,9,—,—,⏳,✅,⏳,—,⏳ Pending,
19524,Why the Louisiana Grills Founders Series Griddle Is a Solid Buy,louisiana-grills-founders-series-griddles-and-grills-explained,https://griddleking.com/louisiana-grills-founders-series-griddles-and-grills-explained/,2025-01-17T12:08:55,2026-01-27T13:33:06,1373,16,—,—,⏳,✅,⏳,—,⏳ Pending,
17322,Is the Traeger Fremont Worth It? A Straight-Talk Review,traeger-fremont-wood-pellet-grill-your-next-backyard-essential,https://griddleking.com/traeger-fremont-wood-pellet-grill-your-next-backyard-essential/,2025-01-17T11:40:50,2026-01-27T13:33:09,807,16,—,—,⏳,✅,⏳,—,⏳ Pending,
19478,Burger Bling: Homemade Sauces That Steal the Show,quick-and-easy-burger-sauce-recipes,https://griddleking.com/quick-and-easy-burger-sauce-recipes/,2025-01-17T11:27:30,2026-01-27T13:33:11,1020,1,—,—,⏳,⚠️,⏳,—,⏳ Pending,Only 1 internal links
16861,Why Chefs Choose Nitrided Cast Iron [Tested 2026],is-nitriding-cast-iron-safe-risks-and-benefits,https://griddleking.com/is-nitriding-cast-iron-safe-risks-and-benefits/,2025-01-17T11:25:52,2026-02-12T10:23:54,849,15,—,✅,✅,✅,⏳,2026-02-12,✅ Updated 2026-02-12,
1384,Boil Water on Griddle: Complete Safety Guide + Best Methods,griddle-boil-water-pots-pans,https://griddleking.com/griddle-boil-water-pots-pans/,2025-01-17T11:23:50,2026-01-27T13:33:17,3030,45,—,—,⏳,✅,⏳,—,⏳ Pending,
1438,Can You Use A Blackstone Griddle In The Garage? 2 Safety Concerns,is-it-safe-to-griddle-in-garage,https://griddleking.com/is-it-safe-to-griddle-in-garage/,2025-01-17T11:19:51,2026-01-27T13:33:20,1183,34,—,—,⏳,✅,⏳,—,⏳ Pending,
5263,Can You Use Pyrex in a Traeger Smoker? Here’s What to Know,can-you-use-pyrex-inside-a-traeger-grill-smoker,https://griddleking.com/can-you-use-pyrex-inside-a-traeger-grill-smoker/,2024-11-11T18:52:30,2026-01-27T13:33:23,916,13,—,—,⏳,✅,⏳,—,⏳ Pending,
2099,Why Do Blackstone Griddles Warp? Causes and Solutions,why-do-blackstone-griddles-warp,https://griddleking.com/why-do-blackstone-griddles-warp/,2024-11-08T16:00:00,2026-01-27T13:33:25,898,12,—,—,⏳,✅,⏳,—,⏳ Pending,
533,Can You Use Cooking Spray on a Blackstone Griddle? Answered!,can-i-use-cooking-spray-on-a-blackstone-griddle,https://griddleking.com/can-i-use-cooking-spray-on-a-blackstone-griddle/,2024-11-08T15:52:25,2026-01-27T13:33:29,969,2,—,—,⏳,⚠️,⏳,—,⏳ Pending,Only 2 internal links
3903,Top Recipes to Cook on an Outdoor Griddle,what-to-cook-on-an-outdoor-griddle,https://griddleking.com/what-to-cook-on-an-outdoor-griddle/,2024-11-08T15:45:00,2026-01-27T13:33:32,1642,31,—,—,⏳,✅,⏳,—,⏳ Pending,
9121,How to Clean Rust Off Your Blackstone Griddle in 5 Simple Steps,how-to-clean-rust-off-a-blackstone-griddle,https://griddleking.com/how-to-clean-rust-off-a-blackstone-griddle/,2024-11-08T14:08:57,2026-01-27T13:33:35,1109,28,—,—,⏳,✅,⏳,—,⏳ Pending,
7105,Blackstone Griddle: Comprehensive Pros and Cons Analysis,pros-and-cons-of-a-blackstone-griddle,https://griddleking.com/pros-and-cons-of-a-blackstone-griddle/,2024-11-08T13:58:33,2026-01-27T13:33:37,1006,33,—,—,⏳,✅,⏳,—,⏳ Pending,
2340,Griddle vs Grill: Complete Comparison Guide 2026,griddle-vs-grill-compared,https://griddleking.com/griddle-vs-grill-compared/,2024-11-08T13:46:25,2026-01-27T13:33:40,2884,4,—,✅,⏳,✅,⏳,—,⏳ Pending,
1449,Store A Griddle: How I Keep My Griddle (and Grill) Ready 365,how-to-store-an-outdoor-griddle,https://griddleking.com/how-to-store-an-outdoor-griddle/,2024-11-01T16:10:04,2026-01-27T13:33:44,1545,16,—,—,⏳,✅,⏳,—,⏳ Pending,
8329,Your Grill Keeps Catching On Fire? Do This Now!,my-grill-keeps-catching-on-fire,https://griddleking.com/my-grill-keeps-catching-on-fire/,2024-10-30T16:55:32,2026-01-27T13:33:47,1796,23,—,—,⏳,✅,⏳,—,⏳ Pending,
9868,What Size of Gas Line For Natural Gas Grill?,what-size-of-gas-line-for-natural-gas-grill,https://griddleking.com/what-size-of-gas-line-for-natural-gas-grill/,2024-10-30T16:40:13,2026-01-27T13:33:50,1622,24,—,—,⏳,✅,⏳,—,⏳ Pending,
14898,Don't Guess! Use This Simple Griddle Temperature Chart!,the-temperature-chart-for-griddle-cooking-know-your-heat,https://griddleking.com/the-temperature-chart-for-griddle-cooking-know-your-heat/,2024-09-24T12:38:25,2026-01-27T13:33:53,1970,5,—,—,⏳,✅,⏳,—,⏳ Pending,
19532,Rain-Proof BBQ? Steelmade USA's Flat Top Grill 30 Kit Says Yes!,steelmade-usa-stovetop-flat-top-stovetop-indoor-griddle,https://griddleking.com/steelmade-usa-stovetop-flat-top-stovetop-indoor-griddle/,2024-07-23T10:21:26,2026-01-27T13:33:57,2218,30,—,—,⏳,✅,⏳,—,⏳ Pending,
19497,Blackstone Griddle Built-in: Ultimate Outdoor Kitchen Guide,blackstone-griddle-built-in-outdoor-kitchen-guide,https://griddleking.com/blackstone-griddle-built-in-outdoor-kitchen-guide/,2024-07-19T11:02:37,2026-01-27T13:34:00,2071,25,—,—,⏳,✅,⏳,—,⏳ Pending,
19467,Art of the Smashburger: Perfecting Your Technique on the Griddle,how-to-perfect-your-smashburger-on-the-griddle,https://griddleking.com/how-to-perfect-your-smashburger-on-the-griddle/,2024-07-03T11:29:39,2026-01-27T13:34:03,1925,7,—,—,⏳,✅,⏳,—,⏳ Pending,
14892,The Smoke Point of Flaxseed Oil: What You Need to Know,the-smoke-point-of-flaxseed-oil-what-you-need-to-know,https://griddleking.com/the-smoke-point-of-flaxseed-oil-what-you-need-to-know/,2024-06-20T10:56:45,2026-01-27T13:34:06,952,9,—,—,⏳,✅,⏳,—,⏳ Pending,
43,Hidden Dangers of Using Your Blackstone Griddle Indoors,can-i-use-my-blackstone-griddle-indoors,https://griddleking.com/can-i-use-my-blackstone-griddle-indoors/,2024-05-24T16:53:51,2026-01-27T13:34:09,1170,10,—,—,⏳,✅,⏳,—,⏳ Pending,
2194,Smoke Food Like a Pro on Your Blackstone Griddle – No Smoker Needed!,how-to-smoke-on-a-griddle,https://griddleking.com/how-to-smoke-on-a-griddle/,2024-05-23T17:02:18,2026-01-27T13:34:12,2342,36,—,—,⏳,✅,⏳,—,⏳ Pending,
610,Tested: You Won't Believe How Long Propane Lasts on a Blackstone Griddle!,how-long-does-propane-last-on-blackstone-griddles,https://griddleking.com/how-long-does-propane-last-on-blackstone-griddles/,2024-05-23T09:57:10,2026-01-27T12:43:46,1700,28,—,—,⏳,✅,⏳,—,⏳ Pending,
17951,The Beginner’s Guide to Cooking on a Blackstone Griddle,blackstone-griddle,https://griddleking.com/blackstone-griddle/,2024-05-23T08:48:36,2024-05-23T08:48:41,3993,102,—,—,⏳,✅,⏳,—,⏳ Pending,
16645,Grilling Hacks: Ice Cube Burger and 7 More Tips for Grill Greatness!,grilling-hack-adding-an-ice-cube-to-your-burger,https://griddleking.com/grilling-hack-adding-an-ice-cube-to-your-burger/,2024-05-23T08:22:55,2026-01-27T13:34:17,2547,36,—,—,⏳,✅,⏳,—,⏳ Pending,
19136,The Sleeping Giant of Gas Grills: Monument Mesa 325 Tested and Reviewed,monument-grills-mesa-325-review,https://griddleking.com/monument-grills-mesa-325-review/,2024-05-22T10:02:19,2026-01-27T13:34:20,1902,133,—,—,⏳,✅,⏳,—,⏳ Pending,
19313,Unlock the Juiciest Beer Can Chicken with These Grilling Secrets!,beer-can-chicken-tips,https://griddleking.com/beer-can-chicken-tips/,2024-05-21T11:42:27,2026-01-27T13:34:23,1281,5,—,—,⏳,✅,⏳,—,⏳ Pending,
19308,Are You Risking Your Health with Grill Mats?,grill-mats-safety,https://griddleking.com/grill-mats-safety/,2024-05-21T11:11:20,2026-01-27T13:34:25,1309,4,—,—,⏳,✅,⏳,—,⏳ Pending,
8356,UNCLASSIFIED: Top Secrets to Picking the Perfect Grill for Fish Every Time,best-grill-for-fish,https://griddleking.com/best-grill-for-fish/,2024-05-21T10:19:34,2026-01-27T13:34:28,3634,33,—,—,⏳,✅,⏳,—,⏳ Pending,
2292,Season Your Griddle Like a Pro: The Oven Trick Everyone Should Know!,how-to-season-a-griddle-in-the-oven,https://griddleking.com/how-to-season-a-griddle-in-the-oven/,2024-05-21T09:46:57,2026-01-27T13:34:30,1082,5,—,—,⏳,✅,⏳,—,⏳ Pending,
5104,How to Fix a Warped Members Mark Griddle (and What to Do if You Can’t),how-to-fix-a-warped-members-mark-griddle,https://griddleking.com/how-to-fix-a-warped-members-mark-griddle/,2024-05-21T08:48:59,2026-01-27T13:34:33,1179,23,—,—,⏳,✅,⏳,—,⏳ Pending,
3781,Kudu Grills: The Easy Overland Kitchen King,kudu-grills-explained,https://griddleking.com/kudu-grills-explained/,2024-05-21T08:29:31,2026-01-27T13:34:36,1467,31,—,—,⏳,✅,⏳,—,⏳ Pending,
14848,Avocado Oil and Cast Iron: A Perfect Match or a Recipe for Disaster?,avocado-oil-for-cast-iron-the-pros-and-cons,https://griddleking.com/avocado-oil-for-cast-iron-the-pros-and-cons/,2024-05-21T08:11:04,2026-01-27T13:34:39,1584,12,—,—,⏳,✅,⏳,—,⏳ Pending,
19032,Unbiased Review: 3 Months with the Blackstone Pellet Grill Combo,blackstone-xl-pellet-grill-and-griddle-combo-review,https://griddleking.com/blackstone-xl-pellet-grill-and-griddle-combo-review/,2024-05-20T14:31:14,2026-02-12T10:23:37,2003,66,—,✅,✅,✅,✅,2026-02-12,✅ Updated 2026-02-12,
19190,From Grime to Shine: How to Make Your Steelmade Flat Top Look Brand New Again!,how-to-clean-a-steelmade-usa-flat-top,https://griddleking.com/how-to-clean-a-steelmade-usa-flat-top/,2024-05-19T10:11:46,2026-01-27T13:34:43,1771,41,—,—,⏳,✅,⏳,—,⏳ Pending,
1427,Which 36-Inch Griddle Wins? Blackstone vs. Cabela's – An In-Depth Look,blackstone-vs-cabelas-4-burner-griddle-compared,https://griddleking.com/blackstone-vs-cabelas-4-burner-griddle-compared/,2024-05-19T09:14:05,2026-01-27T13:34:47,2860,52,—,—,⏳,✅,⏳,—,⏳ Pending,
19163,Flat Top Grill Recipes: 5 Easy Dishes Every Beginner Must Try!,best-flat-top-grill-recipes-for-beginners,https://griddleking.com/best-flat-top-grill-recipes-for-beginners/,2024-05-18T09:10:00,2026-01-27T13:34:49,1679,10,—,—,⏳,✅,⏳,—,⏳ Pending,
208,Griddle Decision Dilemma? Find Out If Blue Rhino Razor or Blackstone is Worth Your Money,blue-rhino-razor-vs-blackstone-griddle,https://griddleking.com/blue-rhino-razor-vs-blackstone-griddle/,2024-05-17T08:27:35,2026-01-27T13:34:52,2246,61,—,—,⏳,✅,⏳,—,⏳ Pending,
19139,Buying Your First Grill? An Easy Guide To The Right Grill For You,buying-your-first-grill,https://griddleking.com/buying-your-first-grill/,2024-05-08T10:46:01,2026-01-27T13:34:55,1489,34,—,—,⏳,✅,⏳,—,⏳ Pending,
19121,Best Griddles of 2026 (According to Reddit),best-griddles-reddit,https://griddleking.com/best-griddles-reddit/,2024-04-18T08:42:08,2026-01-27T13:34:58,1446,81,—,✅,⏳,✅,⏳,—,⏳ Pending,
19088,5 Best Grills for Backyard Cooking 2024,best-grills,https://griddleking.com/best-grills/,2024-04-17T18:42:18,2026-01-27T13:35:01,2014,84,—,—,⏳,✅,⏳,—,⏳ Pending,
19070,Blackstone Pellet Grill/Griddle Combo: My Thoughts 90 Days Later,blackstone-pellet-grill-griddle-update-review,https://griddleking.com/blackstone-pellet-grill-griddle-update-review/,2024-04-11T16:54:34,2026-01-27T13:35:04,1160,9,—,—,⏳,✅,⏳,—,⏳ Pending,
14084,Blackstone Griddle Troubleshooting: Tips for Common Issues,blackstone-griddle-troubleshooting,https://griddleking.com/blackstone-griddle-troubleshooting/,2024-02-08T19:06:24,2026-01-27T13:35:07,1855,28,—,—,⏳,✅,⏳,—,⏳ Pending,
17371,Pellet Grilling 101: How to Use a Water Pan for Perfect Results,water-pan-in-pellet-smoker,https://griddleking.com/water-pan-in-pellet-smoker/,2024-02-05T16:19:02,2026-01-27T13:35:09,1628,25,—,—,⏳,✅,⏳,—,⏳ Pending,
17113,Weber Griddle: Should Blackstone and Pit Boss Be Worried?,weber-griddle-lineup-compared,https://griddleking.com/weber-griddle-lineup-compared/,2023-12-09T11:43:51,2026-01-27T13:35:12,3379,184,—,—,⏳,✅,⏳,—,⏳ Pending,
12269,From Sweet to Spicy: How to Make the Perfect BBQ Sauce,how-to-make-bbq-sauces,https://griddleking.com/how-to-make-bbq-sauces/,2023-12-07T16:25:50,2026-01-27T13:35:15,1749,23,—,—,⏳,✅,⏳,—,⏳ Pending,
1298,Is a Griddle the Same as a Flat Top Grill? Let's Break It Down,difference-between-griddle-and-flat-top-grill,https://griddleking.com/difference-between-griddle-and-flat-top-grill/,2023-12-07T15:43:29,2026-01-27T13:35:18,1164,18,—,—,⏳,✅,⏳,—,⏳ Pending,
1280,Decoding the Hype: Are Outdoor Griddles Worth It?,are-outdoor-griddles-worth-it,https://griddleking.com/are-outdoor-griddles-worth-it/,2023-12-07T15:03:25,2026-01-27T13:35:21,1128,33,—,—,⏳,✅,⏳,—,⏳ Pending,
1256,From Grill to Griddle: The Magic of A Flat Top On A Grill,flat-top-on-grill,https://griddleking.com/flat-top-on-grill/,2023-12-07T14:54:41,2026-01-27T13:35:24,1553,70,—,—,⏳,✅,⏳,—,⏳ Pending,
1249,Keep Your Cuisinart 360 Griddle in Top Shape: Cleaning Tips,how-to-clean-cuisinart-360-griddle,https://griddleking.com/how-to-clean-cuisinart-360-griddle/,2023-12-07T14:41:48,2026-01-27T13:35:27,1266,15,—,—,⏳,✅,⏳,—,⏳ Pending,
1291,Why Washing Your Outdoor Griddle Matters,how-to-wash-a-griddle,https://griddleking.com/how-to-wash-a-griddle/,2023-12-07T14:34:48,2026-01-27T13:35:30,1175,4,—,—,⏳,✅,⏳,—,⏳ Pending,
753,Blackstone Electric Griddle: The Good and the Bad,blackstone-electric-griddle-review,https://griddleking.com/blackstone-electric-griddle-review/,2023-12-07T14:21:21,2026-01-27T13:35:33,1878,78,—,—,⏳,✅,⏳,—,⏳ Pending,
1275,Food Sticking to Your Blackstone Griddle? Try This,keep-food-from-sticking-to-a-blackstone-griddle,https://griddleking.com/keep-food-from-sticking-to-a-blackstone-griddle/,2023-12-07T13:53:51,2026-01-27T13:35:35,1379,54,—,—,⏳,✅,⏳,—,⏳ Pending,
1271,Griddle Wars: Choosing Between Camp Chef and Blackstone,camp-chef-or-blackstone-which-is-better,https://griddleking.com/camp-chef-or-blackstone-which-is-better/,2023-12-07T13:23:19,2026-01-27T13:35:37,1423,39,—,—,⏳,✅,⏳,—,⏳ Pending,
1111,Why Is My Blackstone Griddle Flaking? (Solved),blackstone-griddle-flaking-peeling,https://griddleking.com/blackstone-griddle-flaking-peeling/,2023-12-07T13:03:35,2026-01-27T13:35:40,1040,2,—,—,⏳,⚠️,⏳,—,⏳ Pending,Only 2 internal links
14864,Prime Rib Philly Cheesesteak: A Griddle Classic,prime-rib-philly-cheesesteak-a-griddle-classic,https://griddleking.com/prime-rib-philly-cheesesteak-a-griddle-classic/,2023-12-07T12:40:43,2026-01-27T13:35:43,1238,12,—,—,⏳,✅,⏳,—,⏳ Pending,
18893,Easy Griddle-Baked Chocolate Chip Cookies,griddle-chocolate-chip-cookies-recipe,https://griddleking.com/griddle-chocolate-chip-cookies-recipe/,2023-12-07T12:25:54,2026-01-27T13:35:46,1092,16,—,—,⏳,✅,⏳,—,⏳ Pending,
14876,Top 9 Grilling Accessories to Boost Your Flat Top Game!,flat-top-grill-accessories,https://griddleking.com/flat-top-grill-accessories/,2023-12-04T15:34:49,2026-01-27T13:35:49,1546,111,—,—,⏳,✅,⏳,—,⏳ Pending,
9896,Up or Out? Vertical vs Horizontal Smokers Showdown!,vertical-smoker-vs-horizontal-smoker,https://griddleking.com/vertical-smoker-vs-horizontal-smoker/,2023-12-04T15:15:15,2026-01-27T13:35:52,1739,42,—,—,⏳,✅,⏳,—,⏳ Pending,
1244,Griddle vs. Grill: Healthier Eats Showdown!,is-a-griddle-healthier-than-a-grill,https://griddleking.com/is-a-griddle-healthier-than-a-grill/,2023-12-04T14:47:37,2026-01-27T13:35:55,1371,42,—,—,⏳,✅,⏳,—,⏳ Pending,
864,Can You Cook On A Rusty Griddle? (Solved with Solution!),can-you-cook-on-a-rusty-griddle-solved,https://griddleking.com/can-you-cook-on-a-rusty-griddle-solved/,2023-12-04T14:33:56,2026-01-27T13:35:57,1261,30,—,—,⏳,✅,⏳,—,⏳ Pending,
391,Griddle Game Strong: 5 Steps Before First Sizzle,5-must-do-steps-for-the-first-griddle-use,https://griddleking.com/5-must-do-steps-for-the-first-griddle-use/,2023-12-04T13:27:52,2026-01-27T13:36:00,1904,71,—,—,⏳,✅,⏳,—,⏳ Pending,
210,Grill or Griddle? Why Choose The Best Griddle Grill Combos,best-outdoor-grill-griddle-combos,https://griddleking.com/best-outdoor-grill-griddle-combos/,2023-12-04T13:08:47,2026-01-27T13:36:03,1829,50,—,—,⏳,✅,⏳,—,⏳ Pending,
1397,Outsmarting Mice: Fresh Tactics for a Rodent-Free Griddle!,keep-mice-rodents-off-griddle,https://griddleking.com/keep-mice-rodents-off-griddle/,2023-12-04T12:27:03,2026-01-27T13:36:05,1507,28,—,—,⏳,✅,⏳,—,⏳ Pending,
330,Perfect Pancakes on the Blackstone Griddle,perfect-pancakes-on-the-blackstone-griddle,https://griddleking.com/perfect-pancakes-on-the-blackstone-griddle/,2023-12-01T21:09:58,2026-01-27T13:36:08,1337,29,—,—,⏳,✅,⏳,—,⏳ Pending,
290,Sizzle Secrets: What's Inside Blackstone Bottles?,here-is-what-you-put-in-the-blackstone-bottles,https://griddleking.com/here-is-what-you-put-in-the-blackstone-bottles/,2023-12-01T21:03:42,2026-01-27T13:36:12,1504,15,—,—,⏳,✅,⏳,—,⏳ Pending,
14872,BBQ Bacon Jalapeño Sliders on the Blackstone,bbq-bacon-jalapeno-sliders-on-the-blackstone,https://griddleking.com/bbq-bacon-jalapeno-sliders-on-the-blackstone/,2023-12-01T20:53:47,2026-01-27T13:36:14,1579,21,—,—,⏳,✅,⏳,—,⏳ Pending,
882,Need A Griddle For Camping? These Rock!,7-portable-griddles-for-the-great-outdoors,https://griddleking.com/7-portable-griddles-for-the-great-outdoors/,2023-12-01T11:43:39,2026-01-27T13:36:17,2444,89,—,—,⏳,✅,⏳,—,⏳ Pending,
726,Griddle Accessories: From The Essential to The Eccentric,5-outdoor-griddle-accessories-you-need,https://griddleking.com/5-outdoor-griddle-accessories-you-need/,2023-11-30T22:07:17,2026-01-27T13:36:20,1432,77,—,—,⏳,✅,⏳,—,⏳ Pending,
365,How To Revive Your Rusty Griddle: A Spring Guide,5-simple-steps-to-revive-your-rusty-griddle,https://griddleking.com/5-simple-steps-to-revive-your-rusty-griddle/,2023-11-30T21:49:18,2026-01-27T13:36:23,1162,34,—,—,⏳,✅,⏳,—,⏳ Pending,
543,The Real Story Behind Blackstone Griddles: Made in the USA?,are-blackstone-griddles-made-in-the-usa,https://griddleking.com/are-blackstone-griddles-made-in-the-usa/,2023-11-30T21:35:35,2026-01-27T13:36:25,1007,24,—,—,⏳,✅,⏳,—,⏳ Pending,
68,"Yes, You Must Season Your Griddle: Unless You Have THIS Griddle",do-you-have-to-season-a-griddle-or-flat-top-grill,https://griddleking.com/do-you-have-to-season-a-griddle-or-flat-top-grill/,2023-11-30T21:16:19,2026-01-27T13:36:28,1541,62,—,—,⏳,✅,⏳,—,⏳ Pending,
18617,Troubleshooting Guide: Why Isn't Your Blackstone Griddle Getting Hot?,why-isnt-your-blackstone-griddle-getting-hot,https://griddleking.com/why-isnt-your-blackstone-griddle-getting-hot/,2023-11-28T12:26:56,2026-01-27T13:36:30,1856,44,—,—,⏳,✅,⏳,—,⏳ Pending,
18628,Can You Use Wet Charcoal?,can-you-use-wet-charcoal,https://griddleking.com/can-you-use-wet-charcoal/,2023-11-28T12:18:46,2026-01-27T13:36:33,2111,48,—,—,⏳,✅,⏳,—,⏳ Pending,
18620,10 Easy Griddle Camping Recipes for Delicious Outdoor Meals,easy-griddle-camping-recipes,https://griddleking.com/easy-griddle-camping-recipes/,2023-11-28T12:11:33,2026-01-27T13:36:36,2179,44,—,—,⏳,✅,⏳,—,⏳ Pending,
18615,Cooking on a Griddle &#8211; Flat Top Cooking Tips and Tricks,cooking-on-a-griddle-flat-top-cooking-tips-and-tricks,https://griddleking.com/cooking-on-a-griddle-flat-top-cooking-tips-and-tricks/,2023-11-28T12:06:26,2026-01-27T13:36:39,1850,55,—,—,⏳,✅,⏳,—,⏳ Pending,
18593,Convert Your Grill To A Flat Top: An Easy way To Upgrade Your Grill,flat-top-griddle-for-a-grill-conversion,https://griddleking.com/flat-top-griddle-for-a-grill-conversion/,2023-11-27T15:14:03,2026-01-27T13:36:42,1103,62,—,—,⏳,✅,⏳,—,⏳ Pending,
569,9 Reasons Blackstone Griddles Are Worth It,7-reasons-blackstone-griddles-are-worth-it,https://griddleking.com/7-reasons-blackstone-griddles-are-worth-it/,2023-09-20T23:23:55,2026-01-27T13:36:45,1787,96,—,—,⏳,✅,⏳,—,⏳ Pending,
346,Can You Leave Your Griddle Outside? (Solved with Solution),can-you-leave-a-blackstone-griddle-outside,https://griddleking.com/can-you-leave-a-blackstone-griddle-outside/,2023-09-20T22:40:29,2026-01-27T13:36:47,2609,51,—,—,⏳,✅,⏳,—,⏳ Pending,
182,Why Is My Blackstone Griddle Sticky After Seasoning? (Easy Fix),why-is-my-blackstone-griddle-sticky-after-seasoning,https://griddleking.com/why-is-my-blackstone-griddle-sticky-after-seasoning/,2023-09-20T19:17:37,2026-01-27T13:36:50,1797,29,—,—,⏳,✅,⏳,—,⏳ Pending,
219,How to Cook Frozen Burgers on a Griddle: Perfect Results 2025,how-to-cook-frozen-burgers-on-a-griddle-or-flat-top-grill,https://griddleking.com/how-to-cook-frozen-burgers-on-a-griddle-or-flat-top-grill/,2023-09-20T19:11:14,2026-01-27T13:36:53,2935,46,❌,❌,⏳,✅,⏳,—,⏳ Pending,
39,Does My Griddle Need a Hood (AKA a Lid)?,does-a-griddle-need-a-hood,https://griddleking.com/does-a-griddle-need-a-hood/,2023-09-20T19:07:20,2026-01-27T13:36:55,1363,15,—,—,⏳,✅,⏳,—,⏳ Pending,
99,How Often Should I Clean My Griddle? (Easy Solution),how-often-should-i-clean-my-griddle,https://griddleking.com/how-often-should-i-clean-my-griddle/,2023-09-20T18:58:35,2026-01-27T13:36:58,1382,10,—,—,⏳,✅,⏳,—,⏳ Pending,
190,Blackstone 28 vs Blackstone 36: Which Should YOU Buy?,blackstone-28-vs-blackstone-36-which-should-you-buy,https://griddleking.com/blackstone-28-vs-blackstone-36-which-should-you-buy/,2023-09-20T18:51:46,2026-01-27T13:37:00,2045,25,—,—,⏳,✅,⏳,—,⏳ Pending,
2492,How To Reseason A Blackstone Griddle in 8 Simple Steps,how-to-reseason-a-blackstone-griddle,https://griddleking.com/how-to-reseason-a-blackstone-griddle/,2023-09-20T18:33:10,2026-01-27T13:37:03,1563,40,—,—,⏳,✅,⏳,—,⏳ Pending,
52,What Is An Outdoor Griddle? (5 Reasons You Need One),what-is-an-outdoor-griddle,https://griddleking.com/what-is-an-outdoor-griddle/,2023-09-20T18:09:55,2026-01-27T13:37:06,1014,13,—,—,⏳,✅,⏳,—,⏳ Pending,
18041,Blackstone Pizza Oven: In-Depth Review After Tasty Testing,blackstone-pizza-oven-review-2023,https://griddleking.com/blackstone-pizza-oven-review-2023/,2023-09-11T16:45:24,2026-01-09T17:46:25,2793,19,—,—,⏳,✅,⏳,—,⏳ Pending,
18034,The Ultimate Guide to the New Weber 28-Inch Griddle,weber-griddle-review,https://griddleking.com/weber-griddle-review/,2023-09-11T16:25:51,2026-01-09T17:59:24,2821,49,—,—,⏳,✅,⏳,—,⏳ Pending,
17925,Grilla Grills: The Sleeping Giant of Pellet Grills,grilla-grills,https://griddleking.com/grilla-grills/,2023-09-02T08:59:51,2026-01-27T13:37:11,3794,80,—,—,⏳,✅,⏳,—,⏳ Pending,
195,Best Flat Top Grills: Not All Griddles Are The Same!,best-flat-top-grills-a-buyers-guide,https://griddleking.com/best-flat-top-grills-a-buyers-guide/,2023-08-28T12:10:51,2026-01-27T13:37:14,7030,71,—,—,⏳,✅,⏳,—,⏳ Pending,
17416,Blackstone Regulator Reset: Understanding the Recent Changes,blackstone-regulator-reset,https://griddleking.com/blackstone-regulator-reset/,2023-07-03T11:38:21,2026-01-27T13:37:16,3034,1,—,—,⏳,⚠️,⏳,—,⏳ Pending,Only 1 internal links
17345,AmeriGas vs. Blue Rhino: A Grillers' Grudge Match,amerigas-vs-blue-rhino-propane,https://griddleking.com/amerigas-vs-blue-rhino-propane/,2023-07-03T06:50:06,2026-01-27T13:37:19,2662,38,—,—,⏳,✅,⏳,—,⏳ Pending,
17302,Why Is My Traeger Auger Not Turning? ,traeger-auger-not-turning,https://griddleking.com/traeger-auger-not-turning/,2023-07-02T17:08:39,2026-01-27T13:37:22,2610,67,—,—,⏳,✅,⏳,—,⏳ Pending,
17241,Traeger Ranger Review: The Best Camping Pellet Grill?,traeger-ranger-review,https://griddleking.com/traeger-ranger-review/,2023-07-02T09:29:07,2026-01-27T13:37:24,4217,93,—,—,⏳,✅,⏳,—,⏳ Pending,
17016,Best Grill for Pontoon Boat: Top Picks and Buying Guide,best-grill-for-pontoon-boat-top-picks-and-buying-guide,https://griddleking.com/best-grill-for-pontoon-boat-top-picks-and-buying-guide/,2023-06-10T15:38:40,2026-01-27T13:37:27,3580,14,—,—,⏳,✅,⏳,—,⏳ Pending,
17007,Blackstone Chicken Hibachi Recipe: Darn Good Griddle Food,blackstone-hibachi-recipe,https://griddleking.com/blackstone-hibachi-recipe/,2023-06-10T11:29:16,2026-01-27T13:37:30,3392,41,—,—,⏳,✅,⏳,—,⏳ Pending,
16990,How To Make the Best Blackstone Smash Burgers! Insiders Guide,blackstone-smash-burgers-recipe,https://griddleking.com/blackstone-smash-burgers-recipe/,2023-06-10T10:52:50,2026-01-27T13:37:33,1804,39,—,—,⏳,✅,⏳,—,⏳ Pending,
591,Master Your Blackstone Griddle: Comprehensive Seasoning Guide and Expert Tips,how-to-season-your-new-griddle,https://griddleking.com/how-to-season-your-new-griddle/,2023-06-08T15:12:37,2025-12-27T09:42:00,5138,63,—,—,⏳,✅,⏳,—,⏳ Pending,
16904,Smoking With Cedar Wood: A Flavorful Twist to Your Grilling Experience,smoking-with-cedar-wood-a-flavorful-twist-to-your-grilling-experience,https://griddleking.com/smoking-with-cedar-wood-a-flavorful-twist-to-your-grilling-experience/,2023-06-08T07:45:50,2026-01-27T13:37:37,2209,4,—,—,⏳,✅,⏳,—,⏳ Pending,
16895,Smoking With Cherry Wood: Tips and Techniques for Perfectly Smoked Meats,smoking-with-cherry-wood-tips-for-smoked-meats,https://griddleking.com/smoking-with-cherry-wood-tips-for-smoked-meats/,2023-06-08T07:42:15,2026-01-27T13:37:40,2194,15,—,—,⏳,✅,⏳,—,⏳ Pending,
16869,How to Clean Hard Nitriding Cast Iron: Step-by-Step Guide,how-to-clean-hard-nitriding-cast-iron,https://griddleking.com/how-to-clean-hard-nitriding-cast-iron/,2023-06-07T15:02:35,2026-01-27T13:37:43,2597,19,—,—,⏳,✅,⏳,—,⏳ Pending,
16865,Hard-Nitriding Cast Iron vs Carbon Steel for Cooking: Which is Better?,hard-nitriding-cast-iron-vs-carbon-steel-for-cooking-which-is-better,https://griddleking.com/hard-nitriding-cast-iron-vs-carbon-steel-for-cooking-which-is-better/,2023-06-07T14:58:51,2026-01-27T13:37:45,3427,14,—,—,⏳,✅,⏳,—,⏳ Pending,
16631,Master Your Griddle: 9 Griddle Hack Basics,9-griddle-hack-basics,https://griddleking.com/9-griddle-hack-basics/,2023-05-01T14:42:11,2026-01-27T13:37:48,1127,3,—,—,⏳,✅,⏳,—,⏳ Pending,
16617,"Sanding, Grilling, and Repeating: Can I Sand My Blackstone Griddle?",can-i-sand-my-blackstone-griddle,https://griddleking.com/can-i-sand-my-blackstone-griddle/,2023-05-01T14:19:02,2026-01-27T13:37:51,1151,4,—,—,⏳,✅,⏳,—,⏳ Pending,
15899,Flat Top Grilling 101: Mastering the Art of a Flat Top Griddle,flat-top-grilling-101-how-to,https://griddleking.com/flat-top-grilling-101-how-to/,2023-04-13T09:20:36,2026-01-27T13:37:54,3216,133,—,—,⏳,✅,⏳,—,⏳ Pending,
14840,The Smoke Point of Crisco: What You Need to Know,the-smoke-point-of-crisco-what-you-need-to-know,https://griddleking.com/the-smoke-point-of-crisco-what-you-need-to-know/,2023-01-29T11:34:26,2026-01-27T13:37:57,764,2,—,—,⏳,⚠️,⏳,—,⏳ Pending,Only 2 internal links
14092,Top 10 Griddle Accessories ToMake Better Meals,top-10-griddle-accessories-for-taking-your-griddle-cooking-to-the-next-level,https://griddleking.com/top-10-griddle-accessories-for-taking-your-griddle-cooking-to-the-next-level/,2023-01-27T12:44:41,2026-01-27T13:37:59,973,22,—,—,⏳,✅,⏳,—,⏳ Pending,
14078,5 Tips for Perfect Griddle Cooking Every Time,5-tips-for-perfect-griddle-cooking-every-time,https://griddleking.com/5-tips-for-perfect-griddle-cooking-every-time/,2023-01-27T12:43:45,2026-01-27T13:38:02,868,12,—,—,⏳,✅,⏳,—,⏳ Pending,
14072,Best Cooking Surface For Your Needs: Griddle vs Grill?,the-perfect-cooking-surface-for-your-needs-griddle-vs-grill,https://griddleking.com/the-perfect-cooking-surface-for-your-needs-griddle-vs-grill/,2023-01-27T12:43:17,2026-01-27T13:38:05,1005,7,—,—,⏳,✅,⏳,—,⏳ Pending,
14070,The Best Griddle for a Glass Top Stove (and How to Use It),the-best-griddle-for-a-glass-top-stove-and-how-to-use-it,https://griddleking.com/the-best-griddle-for-a-glass-top-stove-and-how-to-use-it/,2023-01-27T12:43:08,2026-01-27T13:38:07,1230,20,—,—,⏳,✅,⏳,—,⏳ Pending,
14068,The Ultimate Guide to Using a Blackstone Griddle with an Air Fryer,the-ultimate-guide-to-using-a-blackstone-griddle-with-an-air-fryer,https://griddleking.com/the-ultimate-guide-to-using-a-blackstone-griddle-with-an-air-fryer/,2023-01-27T12:43:02,2026-01-27T13:38:10,1563,7,—,—,⏳,✅,⏳,—,⏳ Pending,
14854,The Importance of a Seasoned Griddle: What it Looks Like,the-importance-of-a-seasoned-griddle-what-it-looks-like,https://griddleking.com/the-importance-of-a-seasoned-griddle-what-it-looks-like/,2023-01-12T05:39:44,2026-01-27T13:38:13,1045,3,—,—,⏳,✅,⏳,—,⏳ Pending,
13716,"Small Grill, Big Flavor: The Best Small Charcoal Grills in",small-charcoal-grills,https://griddleking.com/small-charcoal-grills/,2023-01-11T08:49:46,2026-01-27T13:38:15,2460,57,—,—,⏳,✅,⏳,—,⏳ Pending,
13689,Everything You Need to Know About 1-lb Propane Tanks,1lb-propane-tanks,https://griddleking.com/1lb-propane-tanks/,2023-01-10T13:20:57,2026-01-27T13:38:18,1617,22,—,—,⏳,✅,⏳,—,⏳ Pending,
14856,Grapeseed Oil Smoke Point: The Impact on Cast Iron Cooking,grapeseed-oil-smoke-point-the-impact-on-cast-iron-cooking,https://griddleking.com/grapeseed-oil-smoke-point-the-impact-on-cast-iron-cooking/,2023-01-05T20:49:24,2026-01-27T13:38:20,1689,4,—,—,⏳,✅,⏳,—,⏳ Pending,
14866,Sanding Your Blackstone Griddle: A How-To Guide,sanding-your-blackstone-griddle-a-how-to-guide,https://griddleking.com/sanding-your-blackstone-griddle-a-how-to-guide/,2023-01-03T09:07:26,2026-01-27T13:38:23,820,5,—,—,⏳,✅,⏳,—,⏳ Pending,
14836,The Quick and Easy Guide to Seasoning Your Flat Top Grill,the-quick-and-easy-guide-to-seasoning-your-flat-top-grill,https://griddleking.com/the-quick-and-easy-guide-to-seasoning-your-flat-top-grill/,2023-01-02T15:15:38,2026-01-27T13:38:25,912,7,—,—,⏳,✅,⏳,—,⏳ Pending,
14886,From Burgers to Brunch: Delicious Recipes for Your Flat Top Grill,from-burgers-to-brunch-delicious-recipes-for-your-flat-top-grill,https://griddleking.com/from-burgers-to-brunch-delicious-recipes-for-your-flat-top-grill/,2022-12-31T10:44:52,2026-01-27T13:38:28,1362,5,—,—,⏳,✅,⏳,—,⏳ Pending,
14888,Maximizing Your Flat Top Grill: The Ultimate Accessory Guide,maximizing-your-flat-top-grill-the-ultimate-accessory-guide,https://griddleking.com/maximizing-your-flat-top-grill-the-ultimate-accessory-guide/,2022-12-29T09:42:15,2026-01-27T13:38:30,925,6,—,—,⏳,✅,⏳,—,⏳ Pending,
14900,Is American Wagyu Worth the Price Tag? An Expert's Opinion,is-american-wagyu-worth-the-price-tag-an-experts-opinion,https://griddleking.com/is-american-wagyu-worth-the-price-tag-an-experts-opinion/,2022-12-21T19:18:12,2026-01-27T13:38:33,897,2,—,—,⏳,⚠️,⏳,—,⏳ Pending,Only 2 internal links
14904,What Should My Blackstone Griddle Look Like After Seasoning?,what-should-my-blackstone-griddle-look-like-after-seasoning,https://griddleking.com/what-should-my-blackstone-griddle-look-like-after-seasoning/,2022-12-09T11:25:05,2026-01-27T13:38:35,865,4,—,—,⏳,✅,⏳,—,⏳ Pending,
14881,The Best Flat Top Grill Oils for Tasty Results,the-best-flat-top-grill-oils-for-tasty-results,https://griddleking.com/the-best-flat-top-grill-oils-for-tasty-results/,2022-12-09T07:13:25,2026-01-27T13:38:38,1154,6,—,—,⏳,✅,⏳,—,⏳ Pending,
14838,Flax Seed Oil vs. Canola Oil: Which has the Higher Smoke Point?,flax-seed-oil-vs-canola-oil-which-has-the-higher-smoke-point,https://griddleking.com/flax-seed-oil-vs-canola-oil-which-has-the-higher-smoke-point/,2022-12-08T07:30:23,2026-01-27T13:38:41,973,2,—,—,⏳,⚠️,⏳,—,⏳ Pending,Only 2 internal links
14890,How to Season Your Flat Top Grill for a Non-Stick Cooking Surface,how-to-season-your-flat-top-grill-for-a-non-stick-cooking-surface,https://griddleking.com/how-to-season-your-flat-top-grill-for-a-non-stick-cooking-surface/,2022-12-07T19:48:14,2026-01-27T13:38:43,935,7,—,—,⏳,✅,⏳,—,⏳ Pending,
14874,What's the Smoke Point of Grapeseed Oil on Cast Iron?,whats-the-smoke-point-of-grapeseed-oil-on-cast-iron,https://griddleking.com/whats-the-smoke-point-of-grapeseed-oil-on-cast-iron/,2022-12-07T03:16:06,2026-01-27T13:38:46,917,4,—,—,⏳,✅,⏳,—,⏳ Pending,
14882,Why a Flat Top Grill is Better than a Traditional Grill,why-a-flat-top-grill-is-better-than-a-traditional-grill,https://griddleking.com/why-a-flat-top-grill-is-better-than-a-traditional-grill/,2022-12-05T03:14:55,2026-01-27T13:38:49,830,6,—,—,⏳,✅,⏳,—,⏳ Pending,
14879,How to Use a Flat Top Grill: A Step-by-Step Guide,how-to-use-a-flat-top-grill-a-step-by-step-guide,https://griddleking.com/how-to-use-a-flat-top-grill-a-step-by-step-guide/,2022-12-01T00:39:33,2026-01-27T13:38:51,1052,6,—,—,⏳,✅,⏳,—,⏳ Pending,
13014,Grill Tray: Everything You Need To Know and Our Picks,grill-tray,https://griddleking.com/grill-tray/,2022-11-05T11:40:00,2026-01-27T13:38:54,1522,4,—,—,⏳,✅,⏳,—,⏳ Pending,
12297,Propane Smokers: What To Look For And Our Top 3 Picks,propane-smokers,https://griddleking.com/propane-smokers/,2022-10-12T11:09:50,2026-01-27T13:38:57,1889,26,—,—,⏳,✅,⏳,—,⏳ Pending,
11372,Does Charcoal Go Bad? The Answer May Surprise You!,does-charcoal-go-bad,https://griddleking.com/does-charcoal-go-bad/,2022-08-16T16:04:47,2026-01-27T13:38:59,1572,42,—,—,⏳,✅,⏳,—,⏳ Pending,
11356,Where is The PK360 Grill Made? The Answer May Surprise You!,where-is-the-pk360-grill-made,https://griddleking.com/where-is-the-pk360-grill-made/,2022-08-16T12:49:02,2026-01-27T13:39:02,1646,53,—,—,⏳,✅,⏳,—,⏳ Pending,
11250,Can You Grill Frozen Sausage? The Answer Might Surprise You!,can-you-grill-frozen-sausage,https://griddleking.com/can-you-grill-frozen-sausage/,2022-08-16T12:31:18,2026-01-27T13:39:05,1640,38,—,—,⏳,✅,⏳,—,⏳ Pending,
11399,Brisket Stall Temperature Mastery: Complete 2026 Fall BBQ Guide,brisket-stall-temp-explained,https://griddleking.com/brisket-stall-temp-explained/,2022-08-15T17:06:26,2026-01-27T13:39:08,2998,20,—,✅,⏳,✅,⏳,—,⏳ Pending,
11333,Can You Cook On A Rusty Grill? The Answer Might Surprise You!,can-you-cook-on-a-rusty-grill,https://griddleking.com/can-you-cook-on-a-rusty-grill/,2022-08-15T16:37:11,2026-01-27T13:39:11,2220,47,—,—,⏳,✅,⏳,—,⏳ Pending,
11422,"Is the PK Grill Good for Smoking? Yes, It’s Awesome!   ",is-the-pk-grill-good-for-smoking-yes-its-awesome,https://griddleking.com/is-the-pk-grill-good-for-smoking-yes-its-awesome/,2022-08-15T16:36:00,2026-01-27T13:39:14,1718,51,—,—,⏳,✅,⏳,—,⏳ Pending,
11274,Why Does BBQ Smoke Follow You?,why-does-bbq-smoke-follow-you,https://griddleking.com/why-does-bbq-smoke-follow-you/,2022-08-15T16:27:56,2026-01-27T13:39:18,1667,42,—,—,⏳,✅,⏳,—,⏳ Pending,
11033,8 Griddle Recipes You MUST Try Today!,griddle-recipes,https://griddleking.com/griddle-recipes/,2022-08-01T10:20:49,2026-01-27T13:39:20,1078,8,—,—,⏳,✅,⏳,—,⏳ Pending,
10702,Sapporo Grilling Kits: What They Are and How To Get One,sapporo-grilling-kits,https://griddleking.com/sapporo-grilling-kits/,2022-07-18T09:51:41,2025-12-27T09:33:51,2186,5,—,—,⏳,✅,⏳,—,⏳ Pending,
4208,NOMAD Grill: Is This Portable Barbecue Grill Worth it?,nomad-grills-and-smokers-review,https://griddleking.com/nomad-grills-and-smokers-review/,2022-06-23T09:55:52,2026-01-27T13:39:25,2840,51,—,—,⏳,✅,⏳,—,⏳ Pending,
9988,Pellet Smoker Vs. Electric Smoker: A True Comparison,pellet-smoker-vs-electric-smoker,https://griddleking.com/pellet-smoker-vs-electric-smoker/,2022-06-16T11:51:01,2026-01-27T13:39:28,5140,83,—,—,⏳,✅,⏳,—,⏳ Pending,
10026,Vertical Pellet Smoker Vs. Pellet Grill,vertical-pellet-smoker-vs-pellet-grill,https://griddleking.com/vertical-pellet-smoker-vs-pellet-grill/,2022-06-16T11:50:58,2026-01-27T13:39:30,2848,54,—,—,⏳,✅,⏳,—,⏳ Pending,
10060,Best Portable Pellet Grills,best-portable-pellet-grills,https://griddleking.com/best-portable-pellet-grills/,2022-06-16T11:50:54,2026-01-27T13:39:33,3917,75,—,—,⏳,✅,⏳,—,⏳ Pending,
10140,Z Grills vs. Pit Boss: Pellet Grill Showdown,z-grills-vs-pit-boss-pellet-grill-showdown-2,https://griddleking.com/z-grills-vs-pit-boss-pellet-grill-showdown-2/,2022-06-16T11:50:52,2026-01-27T13:39:37,3927,86,—,—,⏳,✅,⏳,—,⏳ Pending,
10177,Best Grill For Truck Hitch &#8211; HitchFire,grill-for-truck-hitch,https://griddleking.com/grill-for-truck-hitch/,2022-06-16T11:50:49,2026-01-27T13:39:40,3039,54,—,—,⏳,✅,⏳,—,⏳ Pending,
9831,Can You Use Copper For A Gas Grill? ,can-you-use-copper-for-a-gas-grill,https://griddleking.com/can-you-use-copper-for-a-gas-grill/,2022-06-13T09:33:28,2026-01-27T13:39:42,1463,37,—,—,⏳,✅,⏳,—,⏳ Pending,
9782,Z Grills vs. Pit Boss: Pellet Grills: The Ultimate Showdown,z-grills-vs-pit-boss-pellet-grill-showdown,https://griddleking.com/z-grills-vs-pit-boss-pellet-grill-showdown/,2022-06-13T09:31:16,2026-01-27T13:39:46,4011,73,—,—,⏳,✅,⏳,—,⏳ Pending,
9735,Which Pellet Grills Are Made In The USA? 9 Patriotic Picks,which-pellet-grills-are-made-in-the-usa,https://griddleking.com/which-pellet-grills-are-made-in-the-usa/,2022-06-13T09:19:26,2026-01-27T13:39:49,4092,95,—,—,⏳,✅,⏳,—,⏳ Pending,
9714,Can a Gas Grill Get Too Hot?,can-a-gas-grill-get-too-hot,https://griddleking.com/can-a-gas-grill-get-too-hot/,2022-06-13T09:06:56,2026-01-27T13:39:52,1548,39,—,—,⏳,✅,⏳,—,⏳ Pending,
9683,How Hot Will a Weber Charcoal Grill Get?,how-hot-will-a-weber-charcoal-grill-get,https://griddleking.com/how-hot-will-a-weber-charcoal-grill-get/,2022-06-13T09:03:33,2026-01-27T13:39:55,1480,43,—,—,⏳,✅,⏳,—,⏳ Pending,
9654,Pellet Smoker Vs Stick Burner,pellet-smoker-vs-stick-burner,https://griddleking.com/pellet-smoker-vs-stick-burner/,2022-06-13T08:58:18,2026-01-27T13:39:57,2642,48,—,—,⏳,✅,⏳,—,⏳ Pending,
9624,Can You Build-In a Weber Genesis?,can-you-build-in-a-weber-genesis,https://griddleking.com/can-you-build-in-a-weber-genesis/,2022-06-13T08:52:36,2026-01-27T13:40:00,1565,56,—,—,⏳,✅,⏳,—,⏳ Pending,
9303,Pellet Smoker Pros And Cons,pellet-smoker-pros-and-cons,https://griddleking.com/pellet-smoker-pros-and-cons/,2022-06-03T18:35:31,2026-01-27T13:40:02,2568,50,—,—,⏳,✅,⏳,—,⏳ Pending,
9160,Kamado Vs. Offset Smoker,kamado-vs-offset-smoker,https://griddleking.com/kamado-vs-offset-smoker/,2022-06-03T12:49:29,2026-01-27T13:40:06,2685,81,—,—,⏳,✅,⏳,—,⏳ Pending,
9263,Offset Smoker Vs. Weber Smokey Mountain,offset-smoker-vs-weber-smokey-mountain,https://griddleking.com/offset-smoker-vs-weber-smokey-mountain/,2022-06-03T12:49:08,2026-01-27T13:40:08,2823,71,—,—,⏳,✅,⏳,—,⏳ Pending,
9417,What Causes My Propane Grill Regulator to Freeze?,what-causes-my-propane-grill-regulator-to-freeze,https://griddleking.com/what-causes-my-propane-grill-regulator-to-freeze/,2022-06-03T12:48:47,2026-01-27T13:40:11,1508,51,—,—,⏳,✅,⏳,—,⏳ Pending,
9395,Best Vertical Smoker,best-vertical-smoker,https://griddleking.com/best-vertical-smoker/,2022-06-03T12:48:25,2026-01-27T13:40:14,2473,79,—,—,⏳,✅,⏳,—,⏳ Pending,
9101,What Should I Name My Smoker?,what-should-i-name-my-smoker,https://griddleking.com/what-should-i-name-my-smoker/,2022-06-03T12:48:05,2026-01-27T13:40:17,1489,35,—,—,⏳,✅,⏳,—,⏳ Pending,
9464,Do You Need a Regulator for a Natural Gas Grill?,do-you-need-a-regulator-for-a-natural-gas-grill,https://griddleking.com/do-you-need-a-regulator-for-a-natural-gas-grill/,2022-06-03T12:47:14,2026-01-27T13:40:19,1545,43,—,—,⏳,✅,⏳,—,⏳ Pending,
9344,Vertical Vs. Offset – Which Smoker Is Best For You,vertical-vs-offset-which-smoker-is-best-for-you,https://griddleking.com/vertical-vs-offset-which-smoker-is-best-for-you/,2022-06-03T12:46:55,2026-01-27T13:40:23,4218,117,—,—,⏳,✅,⏳,—,⏳ Pending,
9204,Best Budget Smokers,best-budget-smokers,https://griddleking.com/best-budget-smokers/,2022-06-03T12:46:34,2026-01-27T13:40:25,3881,63,—,—,⏳,✅,⏳,—,⏳ Pending,
9056,Are Grilla Grills Made in the USA (Who Owns Grilla Grills)?,are-grilla-grills-made-in-the-usa-and-who-owns-grilla-grills,https://griddleking.com/are-grilla-grills-made-in-the-usa-and-who-owns-grilla-grills/,2022-05-28T10:29:53,2026-01-27T13:40:29,1538,43,—,—,⏳,✅,⏳,—,⏳ Pending,
9036,Can I Add WIFI to My Pellet Smoker?,can-i-add-wifi-to-my-pellet-smoker,https://griddleking.com/can-i-add-wifi-to-my-pellet-smoker/,2022-05-28T10:25:15,2026-01-27T13:40:32,1553,37,—,—,⏳,✅,⏳,—,⏳ Pending,
8944,Can You Use Gas to Start a Charcoal Grill?,can-you-use-gas-to-start-a-charcoal-grill,https://griddleking.com/can-you-use-gas-to-start-a-charcoal-grill/,2022-05-28T10:21:39,2026-01-27T13:40:35,1420,37,—,—,⏳,✅,⏳,—,⏳ Pending,
8914,Can You Use Lava Rocks in Charcoal Grill?,can-you-use-lava-rocks-in-charcoal-grill,https://griddleking.com/can-you-use-lava-rocks-in-charcoal-grill/,2022-05-28T10:16:13,2026-01-27T13:40:38,1694,59,—,—,⏳,✅,⏳,—,⏳ Pending,
8857,Why Does My Propane Grill Smoke So Much? (Easy Fix),why-does-my-propane-grill-smoke-so-much,https://griddleking.com/why-does-my-propane-grill-smoke-so-much/,2022-05-26T09:15:44,2026-01-27T13:40:41,1561,40,—,—,⏳,✅,⏳,—,⏳ Pending,
8795,Is WIFI Worth It on Pellet Grills? 5 Benefits To Consider,is-wifi-worth-it-on-pellet-grills,https://griddleking.com/is-wifi-worth-it-on-pellet-grills/,2022-05-26T09:12:30,2026-01-27T13:40:44,1602,44,—,—,⏳,✅,⏳,—,⏳ Pending,
8813,Outdoor Prep Station: Best Grilling Stations,best-grill-prep-stations,https://griddleking.com/best-grill-prep-stations/,2022-05-23T11:35:54,2026-01-27T13:40:46,2553,6,—,—,⏳,✅,⏳,—,⏳ Pending,
8647,Can You Have a Gas Grill Under a Covered Patio? (Explained),can-you-have-a-gas-grill-under-a-covered-patio,https://griddleking.com/can-you-have-a-gas-grill-under-a-covered-patio/,2022-05-23T10:59:20,2026-01-27T13:40:50,1647,37,—,—,⏳,✅,⏳,—,⏳ Pending,
8665,"Can a Pit Boss Griddle be Converted into Natural Gas? Yep, 6 Easy Steps",can-a-pit-boss-griddle-be-converted-into-natural-gas,https://griddleking.com/can-a-pit-boss-griddle-be-converted-into-natural-gas/,2022-05-23T10:52:53,2026-01-27T13:40:53,1563,34,—,—,⏳,✅,⏳,—,⏳ Pending,
8626,How Far Should a Propane Grill Be from a Wood Fence? (Solved),how-far-should-a-propane-grill-be-from-a-wood-fence,https://griddleking.com/how-far-should-a-propane-grill-be-from-a-wood-fence/,2022-05-23T10:47:38,2026-01-27T13:40:56,1543,39,—,—,⏳,✅,⏳,—,⏳ Pending,
8600,Can You Use Mapp Gas on a Propane Grill? (Explained),can-you-use-mapp-gas-on-a-propane-grill,https://griddleking.com/can-you-use-mapp-gas-on-a-propane-grill/,2022-05-22T14:54:56,2026-01-27T13:40:59,1559,43,—,—,⏳,✅,⏳,—,⏳ Pending,
8578,Can You Use a Charcoal Grill on Grass? (Explained),can-you-use-a-charcoal-grill-on-grass,https://griddleking.com/can-you-use-a-charcoal-grill-on-grass/,2022-05-22T14:46:04,2026-01-27T13:41:02,1391,48,—,—,⏳,✅,⏳,—,⏳ Pending,
8751,How to Tell if Chicken Is Done on the Grill,how-to-know-when-chicken-is-done-on-the-grill,https://griddleking.com/how-to-know-when-chicken-is-done-on-the-grill/,2022-05-22T14:20:47,2026-01-27T13:41:05,2874,59,—,—,⏳,✅,⏳,—,⏳ Pending,
8696,Best Portable Pellet Grills: 9 Winners,best-portable-pellet-grills-and-smokers,https://griddleking.com/best-portable-pellet-grills-and-smokers/,2022-05-22T13:59:17,2026-01-27T13:41:08,4550,40,—,—,⏳,✅,⏳,—,⏳ Pending,
8543,Pit Boss Griddle Review: Is this the Blackstone Killer?,pit-boss-griddle,https://griddleking.com/pit-boss-griddle/,2022-05-20T18:11:47,2026-01-27T13:41:12,2230,30,—,—,⏳,✅,⏳,—,⏳ Pending,
8463,Blackstone Pizza Oven: The New Boss in Pizza Ovens,new-blackstone-steel-outdoor-pizza-oven-add-on,https://griddleking.com/new-blackstone-steel-outdoor-pizza-oven-add-on/,2022-05-17T11:39:18,2026-01-27T13:41:15,2479,4,—,—,⏳,✅,⏳,—,⏳ Pending,
8287,Best Grill For Beginners: 7 Awesome Options To Get Started,best-grill-for-beginners,https://griddleking.com/best-grill-for-beginners/,2022-05-09T10:27:01,2026-01-27T13:41:19,2523,44,—,—,⏳,✅,⏳,—,⏳ Pending,
8186,321 Ribs On The Pit Boss Pellet Grill (Complete Guide),321-ribs-on-pit-boss-pellet-grill,https://griddleking.com/321-ribs-on-pit-boss-pellet-grill/,2022-05-01T11:26:14,2025-12-27T09:32:46,1949,9,—,—,⏳,✅,⏳,—,⏳ Pending,
8048,Here’s the Deal on Flipping Ribs When Grilling,should-you-flip-ribs-when-grilling,https://griddleking.com/should-you-flip-ribs-when-grilling/,2022-04-27T18:55:07,2026-01-27T13:41:23,1928,31,—,—,⏳,✅,⏳,—,⏳ Pending,
8030,Can You Smoke BBQ with Fig Wood?,can-you-use-fig-wood-bbq-smoke,https://griddleking.com/can-you-use-fig-wood-bbq-smoke/,2022-04-27T18:54:08,2026-01-27T13:41:27,1829,38,—,—,⏳,✅,⏳,—,⏳ Pending,
8061,Can You Use an Old Oil Drum for a Smoker?,can-you-use-oil-drum-for-smoker-build,https://griddleking.com/can-you-use-oil-drum-for-smoker-build/,2022-04-27T18:53:10,2026-01-27T13:41:30,1837,36,—,—,⏳,✅,⏳,—,⏳ Pending,
7971,Can You Use a Grill After a Grease Fire?,can-you-use-grill-after-a-fire,https://griddleking.com/can-you-use-grill-after-a-fire/,2022-04-27T18:47:51,2026-01-27T13:41:33,1604,33,—,—,⏳,✅,⏳,—,⏳ Pending,
7999,Can You Use a Forklift Propane Tank on a Grill?,can-you-use-forklift-propane-gas-grill,https://griddleking.com/can-you-use-forklift-propane-gas-grill/,2022-04-27T18:32:42,2026-01-27T13:41:36,1981,40,—,—,⏳,✅,⏳,—,⏳ Pending,
7936,Can You Use a Smoker on a Screened-In Porch?,using-a-smoker-in-screened-porch,https://griddleking.com/using-a-smoker-in-screened-porch/,2022-04-27T18:30:51,2026-01-27T13:41:39,1419,32,—,—,⏳,✅,⏳,—,⏳ Pending,
7906,Can You Cook in a Smoker Without Wood Chips?,can-you-cook-in-a-smoker-without-wood-chips,https://griddleking.com/can-you-cook-in-a-smoker-without-wood-chips/,2022-04-27T18:29:33,2026-01-27T13:41:42,1507,43,—,—,⏳,✅,⏳,—,⏳ Pending,
7864,Can You Use an Extension Cord with a Masterbuilt Electric Smoker?,using-a-masterbuilt-electric-smoker-extension-cord,https://griddleking.com/using-a-masterbuilt-electric-smoker-extension-cord/,2022-04-27T18:27:26,2026-01-27T13:41:45,1548,38,—,—,⏳,✅,⏳,—,⏳ Pending,
7802,Can You Use an Electric Smoker on a Wood Deck?,can-you-use-electric-smoker-on-wood-deck,https://griddleking.com/can-you-use-electric-smoker-on-wood-deck/,2022-04-27T18:24:41,2026-01-27T13:41:49,1688,36,—,—,⏳,✅,⏳,—,⏳ Pending,
7835,What to Do with Grease from Every Type of Smoker: 2026 Guide,what-to-do-with-smoker-grease,https://griddleking.com/what-to-do-with-smoker-grease/,2022-04-27T18:23:24,2026-01-27T13:41:53,3422,21,—,✅,⏳,✅,⏳,—,⏳ Pending,
7753,7 Easy Tips to Grill Without Making a Mess in 2025,how-to-grill-without-a-mess,https://griddleking.com/how-to-grill-without-a-mess/,2022-04-21T16:40:51,2026-01-27T13:41:56,1050,2,❌,❌,⏳,⚠️,⏳,—,⏳ Pending,Only 2 internal links
7741,How to Grill Without Smoke: 5 Hacks To Smoke Free Grilling,how-to-grill-without-smoke,https://griddleking.com/how-to-grill-without-smoke/,2022-04-21T15:21:48,2026-01-27T13:41:59,1825,32,—,—,⏳,✅,⏳,—,⏳ Pending,
7730,"Camp Kitchen? Griddle, Grill or Pellet Smoker: Which Is Best?",best-camping-kitchen-grill-griddle-pellet-smoker,https://griddleking.com/best-camping-kitchen-grill-griddle-pellet-smoker/,2022-04-21T15:07:49,2026-01-27T13:42:02,1926,10,—,—,⏳,✅,⏳,—,⏳ Pending,
7239,"Choosing A Weber Kettle: Original, Premium, or Master Touch?",compare-weber-kettle-original-vs-premium-vs-master-touch,https://griddleking.com/compare-weber-kettle-original-vs-premium-vs-master-touch/,2022-03-31T18:29:08,2026-01-27T13:42:04,1874,46,—,—,⏳,✅,⏳,—,⏳ Pending,
7078,What To Know Before Buying A Pellet Grill Smoker,what-to-know-before-buying-a-pellet-grill,https://griddleking.com/what-to-know-before-buying-a-pellet-grill/,2022-03-27T19:22:19,2026-01-27T13:42:07,2476,25,—,—,⏳,✅,⏳,—,⏳ Pending,
7063,Griddle Grill Combo: 11 Reasons You Need One,11-reasons-you-need-a-griddle-grill-combo,https://griddleking.com/11-reasons-you-need-a-griddle-grill-combo/,2022-03-27T18:01:57,2026-01-27T13:42:09,2492,36,—,—,⏳,✅,⏳,—,⏳ Pending,
6605,Best Blackstone Griddle Buyer's Guide 2026,blackstone-griddle-buyers-guide,https://griddleking.com/blackstone-griddle-buyers-guide/,2022-03-21T10:28:03,2026-01-27T13:42:12,1589,51,—,✅,⏳,✅,⏳,—,⏳ Pending,
6589,Complete Griddle Buying Guide 2026 &#8211; Types & Best Picks,griddle-buyers-guide,https://griddleking.com/griddle-buyers-guide/,2022-03-21T10:06:57,2026-01-27T13:42:15,1555,43,—,✅,⏳,✅,⏳,—,⏳ Pending,
6282,Best Weber Grills 2026: Every Budget & Cooking Style,best-weber-grill,https://griddleking.com/best-weber-grill/,2022-03-10T17:53:01,2026-01-27T13:42:17,1386,20,—,✅,⏳,✅,⏳,—,⏳ Pending,
6168,Safe Grill Distance from Vinyl Fence: 2026 Guide,grill-distance-from-vinyl-fence,https://griddleking.com/grill-distance-from-vinyl-fence/,2022-03-08T10:12:26,2026-01-27T13:42:20,1064,3,—,✅,⏳,✅,⏳,—,⏳ Pending,
6161,Do You Need a Regulator for Natural Gas Grills? 2025,natural-gas-grill-regulator,https://griddleking.com/natural-gas-grill-regulator/,2022-03-08T09:58:54,2026-01-27T13:42:23,1208,0,❌,❌,⏳,❌,⏳,—,⏳ Pending,ORPHANED - No internal links
6142,New Blackstone Pizza Oven Discontinued: Best 2026 Alternatives,blackstone-pizza-oven,https://griddleking.com/blackstone-pizza-oven/,2022-03-08T09:43:34,2026-01-27T13:42:26,2731,32,—,✅,⏳,✅,⏳,—,⏳ Pending,
5874,Coal Distance From Grill: Perfect Heat Control Guide,how-far-should-charcoals-be-from-grill,https://griddleking.com/how-far-should-charcoals-be-from-grill/,2022-03-03T12:18:07,2026-01-27T13:42:29,953,1,—,—,⏳,⚠️,⏳,—,⏳ Pending,Only 1 internal links
5868,Are PK Grills Worth It? 2026 Complete Review & Analysis,are-pk-grills-worth-the-money,https://griddleking.com/are-pk-grills-worth-the-money/,2022-03-03T12:04:50,2026-01-27T13:42:32,1728,25,—,✅,⏳,✅,⏳,—,⏳ Pending,
5861,Do PK Grills Rust? Cast Aluminum Construction Explained,does-a-pk-grill-rust,https://griddleking.com/does-a-pk-grill-rust/,2022-03-03T11:59:25,2026-01-27T13:42:36,1113,16,—,—,⏳,✅,⏳,—,⏳ Pending,
5856,Are PK Grills Made in USA? 2026 Manufacturing Update,pk-grills-made-in-china-or-usa,https://griddleking.com/pk-grills-made-in-china-or-usa/,2022-03-03T11:51:44,2026-01-27T13:42:39,1358,25,—,✅,⏳,✅,⏳,—,⏳ Pending,
5851,PK Grills vs Kamado: 2026 Complete Buying Guide,pk-grill-vs-kamodo-grill,https://griddleking.com/pk-grill-vs-kamodo-grill/,2022-03-03T11:46:20,2026-01-27T13:42:42,1119,0,—,✅,⏳,❌,⏳,—,⏳ Pending,ORPHANED - No internal links
5844,PK Grill vs Weber Kettle 2025: Best Charcoal Grill?,original-pk-grill-vs-weber-kettle-which-one-to-buy,https://griddleking.com/original-pk-grill-vs-weber-kettle-which-one-to-buy/,2022-03-03T11:40:31,2026-01-27T13:42:45,1812,12,❌,❌,⏳,✅,⏳,—,⏳ Pending,
5836,Best PK Grill Mods & Hacks to Upgrade Your BBQ in 2025,pk-grill-mods-and-hacks,https://griddleking.com/pk-grill-mods-and-hacks/,2022-03-03T11:06:13,2026-01-27T13:42:48,1128,11,❌,❌,⏳,✅,⏳,—,⏳ Pending,
5832,How to Paint a PK Grill: Complete 2026 Guide,how-to-paint-a-pk-grill,https://griddleking.com/how-to-paint-a-pk-grill/,2022-03-03T10:58:35,2026-01-27T13:42:51,1205,1,—,✅,⏳,⚠️,⏳,—,⏳ Pending,Only 1 internal links
5827,How to Clean a PK Grill: Complete 2026 Guide,how-to-clean-a-pk-grill,https://griddleking.com/how-to-clean-a-pk-grill/,2022-03-03T10:53:55,2026-01-27T13:42:53,1285,16,—,✅,⏳,✅,⏳,—,⏳ Pending,
5822,How to Add Thermometer to PK Grill: 2026 Complete Guide,how-to-add-a-thermometer-to-a-pk-grill,https://griddleking.com/how-to-add-a-thermometer-to-a-pk-grill/,2022-03-03T10:49:13,2026-01-27T13:42:56,1183,17,—,✅,⏳,✅,⏳,—,⏳ Pending,
5815,Hasty Bake vs PK Grill 2025: Complete Buyer's Guide,hasty-bake-vs-pk-grill,https://griddleking.com/hasty-bake-vs-pk-grill/,2022-03-03T10:38:36,2026-01-27T13:42:59,1463,15,❌,❌,⏳,✅,⏳,—,⏳ Pending,
5811,How to Unclog Your Pellet Grill Auger in 2025,how-to-unclog-a-pellet-grill-auger,https://griddleking.com/how-to-unclog-a-pellet-grill-auger/,2022-03-03T10:30:09,2026-01-27T13:43:01,1098,10,❌,❌,⏳,✅,⏳,—,⏳ Pending,
5804,How to Seal a Pit Boss Pellet Grill in 2025,how-to-seal-heat-in-pit-boss-pellet-grill,https://griddleking.com/how-to-seal-heat-in-pit-boss-pellet-grill/,2022-03-03T10:24:22,2026-01-27T13:43:04,1317,15,❌,❌,⏳,✅,⏳,—,⏳ Pending,
5796,Pellet Grill Tripping Breaker? 5 Quick Fixes (2025),how-to-fix-pellet-grill-tripping-breaker,https://griddleking.com/how-to-fix-pellet-grill-tripping-breaker/,2022-03-03T10:12:44,2026-01-27T13:43:07,1130,10,❌,❌,⏳,✅,⏳,—,⏳ Pending,
5789,Can You Leave Pellets in Your Grill? 2026 Safety Guide,can-you-leave-pellets-in-a-pellet-grill,https://griddleking.com/can-you-leave-pellets-in-a-pellet-grill/,2022-03-03T10:01:13,2026-01-27T13:43:10,1254,25,—,✅,⏳,✅,⏳,—,⏳ Pending,
5780,Do You Need Wi-Fi on Your Pellet Grill? 2026 Guide,does-a-pellet-grill-need-wifi,https://griddleking.com/does-a-pellet-grill-need-wifi/,2022-03-03T09:51:10,2026-01-27T13:43:13,1304,15,—,✅,⏳,✅,⏳,—,⏳ Pending,
5770,Pellet Grill Won't Stop Feeding? Quick Fix Guide 2026,pellet-grill-keeps-feeding-pellets-solution,https://griddleking.com/pellet-grill-keeps-feeding-pellets-solution/,2022-03-03T09:41:30,2026-01-27T13:43:15,1217,13,—,✅,⏳,✅,⏳,—,⏳ Pending,
5639,Pellet Grills in BBQ Competitions: Rules & Advantages 2025,can-you-use-pellet-grills-in-a-bbq-competition,https://griddleking.com/can-you-use-pellet-grills-in-a-bbq-competition/,2022-02-23T10:49:28,2026-01-27T13:43:18,1390,14,❌,❌,⏳,✅,⏳,—,⏳ Pending,
5632,Charcoal in Pellet Grills: 2026 Safety Guide & Alternatives,can-you-use-charcoal-in-a-pellet-grill,https://griddleking.com/can-you-use-charcoal-in-a-pellet-grill/,2022-02-23T10:41:11,2026-01-27T13:43:21,1852,13,—,✅,⏳,✅,⏳,—,⏳ Pending,
5623,Why Pellet Grills Explode: Complete Prevention Guide 2026,why-do-pellet-grills-explode,https://griddleking.com/why-do-pellet-grills-explode/,2022-02-23T10:02:14,2026-01-27T13:43:23,1668,10,—,✅,⏳,✅,⏳,—,⏳ Pending,
5616,Aluminum Foil in Pellet Grills: Safety Guide 2026,can-you-use-aluminum-foil-in-a-pellet-grill,https://griddleking.com/can-you-use-aluminum-foil-in-a-pellet-grill/,2022-02-23T09:52:54,2026-01-27T13:43:26,1374,10,—,✅,⏳,✅,⏳,—,⏳ Pending,
5609,Do Pellet Grills Need Smoke Stacks? 2026 Expert Guide,does-a-pellet-grill-need-a-snoke-stack,https://griddleking.com/does-a-pellet-grill-need-a-snoke-stack/,2022-02-23T09:43:52,2026-01-27T13:43:30,1628,14,—,✅,⏳,✅,⏳,—,⏳ Pending,
5436,What to Name Your Traeger: 19 Creative Ideas + Tips 2025,what-should-i-name-my-traeger-19-ideas-you-will-love,https://griddleking.com/what-should-i-name-my-traeger-19-ideas-you-will-love/,2022-02-14T14:08:25,2026-01-27T13:43:32,1629,10,❌,❌,⏳,✅,⏳,—,⏳ Pending,
5430,Pit Boss Pellet Grill in Rain: 2026 Safety Guide & Tips,can-you-use-a-pit-boss-pellet-grill-in-the-rain,https://griddleking.com/can-you-use-a-pit-boss-pellet-grill-in-the-rain/,2022-02-14T13:59:51,2026-01-27T13:43:36,1307,10,—,✅,⏳,✅,⏳,—,⏳ Pending,
5421,Pit Boss Pellets Review: Are They Worth It? (2026 Complete Guide),are-pit-boss-pellets-any-good,https://griddleking.com/are-pit-boss-pellets-any-good/,2022-02-14T11:38:51,2026-01-27T13:43:38,1300,13,—,✅,⏳,✅,⏳,—,⏳ Pending,
5413,How To Clean A Blackstone Griddle Press: 2026 Guide,how-to-clean-a-blackstone-griddle-press,https://griddleking.com/how-to-clean-a-blackstone-griddle-press/,2022-02-14T11:28:43,2026-01-27T13:43:42,1614,10,—,✅,⏳,✅,⏳,—,⏳ Pending,
5272,Traeger Pellets in Green Mountain Grills: 2026 Guide,can-you-put-traeger-pellets-in-a-green-mountain-grill,https://griddleking.com/can-you-put-traeger-pellets-in-a-green-mountain-grill/,2022-02-07T12:46:47,2026-01-27T13:43:44,1339,14,—,✅,⏳,✅,⏳,—,⏳ Pending,
5254,Weber Grill Outside Storage: 3 Proven Solutions 2025,can-you-leave-a-weber-grill-outside,https://griddleking.com/can-you-leave-a-weber-grill-outside/,2022-02-07T12:29:08,2026-01-27T13:43:47,1483,15,❌,❌,⏳,✅,⏳,—,⏳ Pending,
5246,Can You Burn Wood In A Weber Grill? Complete Guide 2026,can-you-burn-wood-in-a-weber-grill-fire-pit,https://griddleking.com/can-you-burn-wood-in-a-weber-grill-fire-pit/,2022-02-07T12:18:41,2026-01-27T13:43:50,1755,15,—,✅,⏳,✅,⏳,—,⏳ Pending,
5235,Weber Grill Rust: 2025 Prevention & Removal Guide,do-weber-grills-rust-solved-with-prevention-tips,https://griddleking.com/do-weber-grills-rust-solved-with-prevention-tips/,2022-02-07T12:09:59,2026-01-27T13:43:53,1555,11,❌,❌,⏳,✅,⏳,—,⏳ Pending,
5130,Best Griddle Knives 2026: Top 5 Picks for Perfect Cuts,best-knife-to-use-on-a-griddle,https://griddleking.com/best-knife-to-use-on-a-griddle/,2022-02-01T12:52:47,2026-01-27T13:43:57,1607,14,—,✅,⏳,✅,⏳,—,⏳ Pending,
5125,Best Griddle Cleaning Pads & Rags: 5 Top Picks for 2026,best-griddle-rags,https://griddleking.com/best-griddle-rags/,2022-02-01T12:43:31,2026-01-27T13:44:00,1427,10,—,✅,⏳,✅,⏳,—,⏳ Pending,
5097,RV Griddle vs Grill 2025: Why Griddles Win for RV Life,grill-or-griddle-for-rv-and-campers,https://griddleking.com/grill-or-griddle-for-rv-and-campers/,2022-01-31T10:58:53,2026-01-27T13:44:04,2049,17,❌,❌,⏳,✅,⏳,—,⏳ Pending,
5090,Connect Blackstone Griddle to RV Propane: 2026 Guide,how-to-convert-griddle-to-rv-propane,https://griddleking.com/how-to-convert-griddle-to-rv-propane/,2022-01-31T10:50:06,2026-01-27T13:44:07,1990,19,—,✅,⏳,✅,⏳,—,⏳ Pending,
5081,RV Griddle Storage: 7 Smart Solutions for 2025,where-to-store-a-griddle-on-a-rv,https://griddleking.com/where-to-store-a-griddle-on-a-rv/,2022-01-31T10:39:51,2026-01-27T13:44:11,1504,10,❌,❌,⏳,✅,⏳,—,⏳ Pending,
5074,How to Season a Razor Griddle: 2026 Complete Guide,how-to-season-a-razor-griddle,https://griddleking.com/how-to-season-a-razor-griddle/,2022-01-31T10:28:27,2026-01-27T13:44:14,1450,14,—,✅,⏳,✅,⏳,—,⏳ Pending,
4903,Blackstone Griddle Models Compared: 2026 Buying Guide,are-all-blackstone-griddles-the-same,https://griddleking.com/are-all-blackstone-griddles-the-same/,2022-01-05T11:20:58,2026-01-27T13:44:16,1448,18,—,✅,⏳,✅,⏳,—,⏳ Pending,
4857,How to Clean The Rock Griddle: Easy 2026 Guide,how-to-clean-the-rock-griddle,https://griddleking.com/how-to-clean-the-rock-griddle/,2021-12-27T10:33:44,2026-01-27T13:44:19,1426,18,—,✅,⏳,✅,⏳,—,⏳ Pending,
4850,Clean Your Blue Rhino Griddle: 2026 Complete Guide,how-to-clean-a-blue-rhino-griddle,https://griddleking.com/how-to-clean-a-blue-rhino-griddle/,2021-12-27T10:25:04,2026-01-27T13:44:22,1285,17,—,✅,⏳,✅,⏳,—,⏳ Pending,
4842,Wolf Griddle Cleaning Guide: Daily & Deep Clean Methods,how-to-clean-a-wolf-griddle,https://griddleking.com/how-to-clean-a-wolf-griddle/,2021-12-27T10:16:44,2026-01-27T13:44:25,1671,17,—,—,⏳,✅,⏳,—,⏳ Pending,
4835,Clean Your Presto Electric Griddle: Complete 2026 Guide,how-to-clean-a-presto-griddle,https://griddleking.com/how-to-clean-a-presto-griddle/,2021-12-27T09:59:39,2026-01-27T13:44:28,1299,15,—,✅,⏳,✅,⏳,—,⏳ Pending,
4827,How To Clean Electric Griddle: 5-Minute Daily Guide 2026,how-to-clean-a-electric-griddle,https://griddleking.com/how-to-clean-a-electric-griddle/,2021-12-27T09:51:03,2026-01-27T13:44:31,1546,16,—,✅,⏳,✅,⏳,—,⏳ Pending,
4809,Viking Griddle Cleaning Guide: Expert Tips for 2025,how-to-clean-a-viking-griddle,https://griddleking.com/how-to-clean-a-viking-griddle/,2021-12-27T09:31:43,2026-01-27T13:44:34,1274,13,❌,❌,⏳,✅,⏳,—,⏳ Pending,
4802,How To Clean Your Pit Boss Griddle: 2026 Complete Guide,how-to-clean-a-pit-boss-griddle,https://griddleking.com/how-to-clean-a-pit-boss-griddle/,2021-12-27T09:23:16,2026-01-27T13:44:36,1382,15,—,✅,⏳,✅,⏳,—,⏳ Pending,
4795,How To Clean and Maintain Your Nexgrill Griddle: Complete Step-by-Step Guide,how-to-clean-a-nexgrill-griddle,https://griddleking.com/how-to-clean-a-nexgrill-griddle/,2021-12-27T09:13:04,2026-01-27T13:44:39,1378,13,—,—,⏳,✅,⏳,—,⏳ Pending,
4452,Best Griddle Scrapers (2025) &#8211; Metal vs. Plastic Guide,best-griddle-scrapers,https://griddleking.com/best-griddle-scrapers/,2021-11-12T08:44:24,2026-01-27T13:44:42,1779,69,❌,❌,⏳,✅,⏳,—,⏳ Pending,
4436,What is a Griddle? Complete 2026 Guide to Flat Top Cooking,what-is-a-griddle,https://griddleking.com/what-is-a-griddle/,2021-11-10T08:20:56,2026-01-27T13:44:45,1629,62,—,✅,⏳,✅,⏳,—,⏳ Pending,
4408,Best Griddle Spatulas 2026: Complete Buying Guide,best-griddle-spatula,https://griddleking.com/best-griddle-spatula/,2021-11-09T10:13:52,2026-01-27T13:44:48,1447,21,—,✅,⏳,✅,⏳,—,⏳ Pending,
4264,Tembo Tusk vs Oris Skottle: 2025 Outdoor Cooking Guide,tembo-tusk-vs-oris-which-skottle-is-better,https://griddleking.com/tembo-tusk-vs-oris-which-skottle-is-better/,2021-10-19T18:22:27,2026-01-27T13:44:52,1657,10,❌,❌,⏳,✅,⏳,—,⏳ Pending,
4256,Best Griddle Plates for Gas Grills: 2026 Buyer's Guide,easy-guide-to-griddles-for-gas-grills,https://griddleking.com/easy-guide-to-griddles-for-gas-grills/,2021-10-19T18:00:43,2026-01-27T13:44:55,1768,18,—,✅,⏳,✅,⏳,—,⏳ Pending,
4250,Can Electric Griddles Work as Hot Plates? 2026 Guide,can-an-electric-griddle-be-used-as-a-warming-tray,https://griddleking.com/can-an-electric-griddle-be-used-as-a-warming-tray/,2021-10-19T17:47:09,2026-01-27T13:44:58,1494,17,—,✅,⏳,✅,⏳,—,⏳ Pending,
4244,Best Grill Griddle Combos 2026: Top 3 Expert Picks,best-griddle-grill-combos-outdoor-cooking,https://griddleking.com/best-griddle-grill-combos-outdoor-cooking/,2021-10-19T17:37:09,2026-01-27T13:45:01,1635,19,—,✅,⏳,✅,⏳,—,⏳ Pending,
4239,"FireDisc vs RTIC King Disc: Best 22"" Disc Cooker 2025",rtic-king-disc-vs-recteq-firedisc-compared-review,https://griddleking.com/rtic-king-disc-vs-recteq-firedisc-compared-review/,2021-10-19T17:21:58,2026-01-27T13:45:04,1794,18,❌,❌,⏳,✅,⏳,—,⏳ Pending,
4228,Prevent Outdoor Griddle Rust: 5 Expert Methods (2025),steps-to-prevent-outdoor-griddles-from-rusting,https://griddleking.com/steps-to-prevent-outdoor-griddles-from-rusting/,2021-10-17T10:32:10,2026-01-27T13:45:07,1635,13,❌,❌,⏳,✅,⏳,—,⏳ Pending,
4215,11 Best Blackstone Griddle Accessories 2025 (Tested),blackstone-griddle-accessories-you-actually-want,https://griddleking.com/blackstone-griddle-accessories-you-actually-want/,2021-10-17T10:13:05,2026-01-27T13:45:10,1400,14,❌,❌,⏳,✅,⏳,—,⏳ Pending,
4057,Outdoor Gourmet Triton Grill Review: Why It Falls Short 2025,outdoor-gourmet-triton-7-burmner-grill-griddle-combo-review,https://griddleking.com/outdoor-gourmet-triton-7-burmner-grill-griddle-combo-review/,2021-09-11T10:51:57,2026-01-27T13:45:12,1170,0,❌,❌,⏳,❌,⏳,—,⏳ Pending,ORPHANED - No internal links
4049,Griddle vs Grill: 2026 Guide to Outdoor Cooking Equipment,griddle-vs-grill-debate-solved,https://griddleking.com/griddle-vs-grill-debate-solved/,2021-09-10T14:04:57,2026-01-27T13:45:16,1343,33,—,✅,⏳,✅,⏳,—,⏳ Pending,
3685,Can You Use Crisco to Season a Griddle? 2026 Guide,can-you-use-crisco-to-season-a-griddle,https://griddleking.com/can-you-use-crisco-to-season-a-griddle/,2021-07-12T13:25:35,2026-01-27T13:45:18,1223,21,—,✅,⏳,✅,⏳,—,⏳ Pending,
3672,Skip Bacon Grease for New Griddle Seasoning in 2025,can-you-use-bacon-grease-to-season-a-new-griddle,https://griddleking.com/can-you-use-bacon-grease-to-season-a-new-griddle/,2021-07-08T10:15:24,2026-01-27T13:45:21,1500,32,❌,❌,⏳,✅,⏳,—,⏳ Pending,
3667,Wolf Charbroiler vs Griddle: 2026 Kitchen Buying Guide,wolf-charbroiler-vs-griddles,https://griddleking.com/wolf-charbroiler-vs-griddles/,2021-07-08T10:01:34,2026-01-27T13:45:24,1254,11,—,✅,⏳,✅,⏳,—,⏳ Pending,
3661,Griddle vs Panini Press: Which Makes Better Paninis? 2025,griddle-vs-grill-for-the-perfect-panini,https://griddleking.com/griddle-vs-grill-for-the-perfect-panini/,2021-07-08T09:52:12,2026-01-27T13:45:27,1552,15,❌,❌,⏳,✅,⏳,—,⏳ Pending,
3655,How To Store A Blackstone Griddle: 4 Best Methods 2026,how-to-store-your-griddle,https://griddleking.com/how-to-store-your-griddle/,2021-07-08T09:41:51,2026-01-27T13:45:30,1688,22,—,✅,⏳,✅,⏳,—,⏳ Pending,
3642,Blackstone Griddle vs Weber Grill: Complete Guide (2026),blackstone-griddle-vs-weber-grill,https://griddleking.com/blackstone-griddle-vs-weber-grill/,2021-07-08T09:21:46,2026-01-27T13:45:33,1513,18,—,✅,⏳,✅,⏳,—,⏳ Pending,
3635,Cast Iron vs Stainless Steel Griddles: 2026 Guide,stainless-steel-vs-cast-iron-griddles,https://griddleking.com/stainless-steel-vs-cast-iron-griddles/,2021-07-08T08:55:26,2026-01-27T13:45:35,1617,20,—,✅,⏳,✅,⏳,—,⏳ Pending,
3626,Griddle vs George Foreman Grill: Complete Guide 2026,george-foreman-grill-vs-griddle,https://griddleking.com/george-foreman-grill-vs-griddle/,2021-07-08T08:37:17,2026-01-27T13:45:39,1357,20,—,✅,⏳,✅,⏳,—,⏳ Pending,
3586,Grill vs Griddle: 3 Key Factors for Your 2025 Purchase,how-to-choose-between-griddle-and-grill,https://griddleking.com/how-to-choose-between-griddle-and-grill/,2021-07-03T16:34:17,2026-01-27T13:45:42,1280,19,❌,❌,⏳,✅,⏳,—,⏳ Pending,
3579,How To Clean A FireDisc: 4-Step Guide + Rust Prevention,how-to-clean-a-firedisc,https://griddleking.com/how-to-clean-a-firedisc/,2021-07-03T16:18:22,2026-01-27T13:45:45,1701,13,—,—,⏳,✅,⏳,—,⏳ Pending,
3567,Best Electric Griddles 2025: Top 3 Expert-Tested Picks,best-electric-griddle,https://griddleking.com/best-electric-griddle/,2021-07-01T11:35:38,2026-01-27T13:45:49,30009,1380,❌,❌,⏳,✅,⏳,—,⏳ Pending,
3560,Steelmade USA vs Blackstone Griddle Guide (2026),steelmade-usa-vs-blackstone-griddles-and-flat-top-grills,https://griddleking.com/steelmade-usa-vs-blackstone-griddles-and-flat-top-grills/,2021-07-01T11:21:14,2026-01-27T13:45:53,1460,13,—,✅,⏳,✅,⏳,—,⏳ Pending,
3546,Using Pots on Steelmade USA Flat Top: 2026 Complete Guide,steelmade-usa-pot-pans-on-griddle-flat-top,https://griddleking.com/steelmade-usa-pot-pans-on-griddle-flat-top/,2021-07-01T11:07:18,2026-01-27T13:45:57,1601,18,—,✅,⏳,✅,⏳,—,⏳ Pending,
3521,Camp Chef Canada Shipping Guide 2026 &#8211; Where to Buy,camp-chef-shipping-canada-united-kingdom,https://griddleking.com/camp-chef-shipping-canada-united-kingdom/,2021-06-30T12:45:22,2026-01-27T13:46:00,1274,15,—,✅,⏳,✅,⏳,—,⏳ Pending,
3472,Cast Iron Skillet vs Griddle: Which Wins in 2025?,cast-iron-skillet-cooking-vs-griddle-cooking,https://griddleking.com/cast-iron-skillet-cooking-vs-griddle-cooking/,2021-06-21T13:39:10,2026-01-27T13:46:03,1171,3,❌,❌,⏳,✅,⏳,—,⏳ Pending,
3466,Member's Mark vs Blackstone Griddle: 2025 Comparison,members-mark-vs-blackstone-griddle-compared,https://griddleking.com/members-mark-vs-blackstone-griddle-compared/,2021-06-21T13:27:28,2026-01-27T13:46:07,1209,2,❌,❌,⏳,⚠️,⏳,—,⏳ Pending,Only 2 internal links
3458,Electric Stove Griddle Guide: Safety Tips & Best Practices,can-you-use-griddle-on-electric-stovetop,https://griddleking.com/can-you-use-griddle-on-electric-stovetop/,2021-06-21T13:16:20,2026-01-27T13:46:10,1513,8,—,—,⏳,✅,⏳,—,⏳ Pending,
3337,4 DIY Outdoor Grill Ideas 2025: Build Your Own Station,4-easy-diy-outdoor-grill-griddle-ideas,https://griddleking.com/4-easy-diy-outdoor-grill-griddle-ideas/,2021-06-11T10:03:02,2026-01-27T13:46:13,1540,18,❌,❌,⏳,✅,⏳,—,⏳ Pending,
3330,How To Dispose Of Grease From Griddle Or Grill 2025,how-to-dispose-griddle-grease,https://griddleking.com/how-to-dispose-griddle-grease/,2021-06-11T09:51:19,2026-01-27T13:46:16,1228,0,❌,❌,⏳,❌,⏳,—,⏳ Pending,ORPHANED - No internal links
3309,Blackstone Griddle Temperature Test: Real Results 2025,how-hot-can-blackstone-griddles-get,https://griddleking.com/how-hot-can-blackstone-griddles-get/,2021-06-08T14:44:56,2026-01-27T13:46:19,1505,12,❌,❌,⏳,✅,⏳,—,⏳ Pending,
3299,Blackstone Griddle Pizza: Complete 2026 Guide + Pro Tips,how-to-cook-pizza-blackstone-griddle,https://griddleking.com/how-to-cook-pizza-blackstone-griddle/,2021-06-07T11:10:56,2026-01-27T13:46:21,1358,24,—,✅,⏳,✅,⏳,—,⏳ Pending,
3201,Make Your Blackstone Griddle Hotter: 4 Methods That Work,4-hacks-to-make-blackstone-griddle-hotter,https://griddleking.com/4-hacks-to-make-blackstone-griddle-hotter/,2021-06-02T08:44:48,2026-01-27T13:46:24,1480,25,—,—,⏳,✅,⏳,—,⏳ Pending,
3192,Camp Chef Explorer vs Blackstone Tailgater: 2026 Review,blackstone-tailgater-vs-camp-chef-tailgater,https://griddleking.com/blackstone-tailgater-vs-camp-chef-tailgater/,2021-06-02T08:29:32,2026-01-27T13:46:26,1515,17,—,✅,⏳,✅,⏳,—,⏳ Pending,
3070,Can You Cut On A Blackstone Griddle? Complete Guide + Best Alternatives,can-you-cut-knife-on-blackstone-griddle,https://griddleking.com/can-you-cut-knife-on-blackstone-griddle/,2021-05-31T10:57:07,2026-01-27T13:46:29,1381,21,—,—,⏳,✅,⏳,—,⏳ Pending,
3061,What Comes With A Blackstone Griddle? 2026 Unboxing Guide,what-comes-with-a-new-blackstone-griddle,https://griddleking.com/what-comes-with-a-new-blackstone-griddle/,2021-05-31T10:46:34,2026-01-27T13:46:32,1334,17,—,✅,⏳,✅,⏳,—,⏳ Pending,
3054,Boiling Water on Flat Top Grills: 2026 Complete Guide,boil-water-pots-pans-flat-top-grill,https://griddleking.com/boil-water-pots-pans-flat-top-grill/,2021-05-31T10:35:40,2026-01-27T13:46:35,1464,19,—,✅,⏳,✅,⏳,—,⏳ Pending,
3043,RecTeq Matador vs FireDisc: Complete 2026 Comparison Guide,rec-teq-matador-vs-firedisc-camping-overlanding-compared,https://griddleking.com/rec-teq-matador-vs-firedisc-camping-overlanding-compared/,2021-05-31T10:18:27,2026-01-27T13:46:38,1641,24,—,✅,⏳,✅,⏳,—,⏳ Pending,
2995,DIY Flat Top Grill & Griddle: 4 Easy Methods (2025),make-your-own-griddle-flat-top-grill-diy,https://griddleking.com/make-your-own-griddle-flat-top-grill-diy/,2021-05-25T10:54:39,2026-01-27T13:46:42,1456,10,❌,❌,⏳,✅,⏳,—,⏳ Pending,
2962,Clean Your Griddle Naturally: 3 Chemical-Free Methods 2025,clean-griddle-without-chemicals,https://griddleking.com/clean-griddle-without-chemicals/,2021-05-25T10:10:27,2026-01-27T13:46:45,1380,19,❌,❌,⏳,✅,⏳,—,⏳ Pending,
2954,Can You Use Butter on a Griddle? Complete 2026 Guide,can-you-use-butter-on-blackstone-griddle-seasoning-cooking-oil,https://griddleking.com/can-you-use-butter-on-blackstone-griddle-seasoning-cooking-oil/,2021-05-25T09:55:32,2026-01-27T13:46:48,1147,7,—,✅,⏳,✅,⏳,—,⏳ Pending,
2929,Blackstone Griddle Won't Light? 7 Pro Fixes for 2025,blackstone-griddle-troubleshooting-guide-diy-solutions,https://griddleking.com/blackstone-griddle-troubleshooting-guide-diy-solutions/,2021-05-25T09:36:33,2026-01-27T13:46:51,1625,16,❌,❌,⏳,✅,⏳,—,⏳ Pending,
2729,Nexgrill vs Blackstone Griddle: 2026 Comparison Guide,blackstone-griddle-vs-nexgrill-griddle-36-compared,https://griddleking.com/blackstone-griddle-vs-nexgrill-griddle-36-compared/,2021-05-20T11:49:55,2026-01-27T13:46:55,1495,17,—,✅,⏳,✅,⏳,—,⏳ Pending,
2721,Best Places to Buy Blackstone Griddles in 2025 (8 Options),who-sells-blackstone-griddles-8-easy-ways-to-get-one-fast,https://griddleking.com/who-sells-blackstone-griddles-8-easy-ways-to-get-one-fast/,2021-05-20T11:28:39,2026-01-27T13:46:58,1532,16,❌,❌,⏳,✅,⏳,—,⏳ Pending,
2673,Cold Weather Griddle Tips: Winter Cooking Guide 2026,blackstone-griddle-freezing-cold-weather,https://griddleking.com/blackstone-griddle-freezing-cold-weather/,2021-05-18T10:31:55,2026-01-27T13:47:01,1464,14,—,✅,⏳,✅,⏳,—,⏳ Pending,
2522,Blackstone vs FireDisc: 2025 Outdoor Cooking Comparison,blackstone-griddle-vs-firedisc,https://griddleking.com/blackstone-griddle-vs-firedisc/,2021-05-17T16:22:31,2026-01-27T13:47:03,1677,37,❌,❌,⏳,✅,⏳,—,⏳ Pending,
2517,Blackstone Grease Tray: Front vs Rear System Guide 2026,blackstone-front-vs-rear-grease-tray,https://griddleking.com/blackstone-front-vs-rear-grease-tray/,2021-05-17T16:04:40,2026-01-27T13:47:06,1314,19,—,✅,⏳,✅,⏳,—,⏳ Pending,
2507,Does Blackstone Make Stainless Steel Griddles? 2025 Facts,does-blackstone-make-a-stainless-steel-griddle,https://griddleking.com/does-blackstone-make-a-stainless-steel-griddle/,2021-05-17T15:53:21,2026-01-27T13:47:08,1418,19,❌,❌,⏳,✅,⏳,—,⏳ Pending,
2497,Cast Iron Skillet on Blackstone Griddle: 2026 Guide,can-you-use-cast-iron-on-a-blackstone-griddle,https://griddleking.com/can-you-use-cast-iron-on-a-blackstone-griddle/,2021-05-17T15:31:55,2026-01-27T13:47:11,1572,43,—,✅,⏳,✅,⏳,—,⏳ Pending,
151,Why Does My Griddle Smoke Excessively? 4 Expert Solutions to Stop the Smoke,why-does-my-griddle-smoke-so-much-4-easy-fixes,https://griddleking.com/why-does-my-griddle-smoke-so-much-4-easy-fixes/,2021-05-12T10:51:58,2026-01-27T13:47:14,1575,0,—,—,⏳,✅,⏳,2026-02-12,✅ Updated 2026-02-12,Fixed: 6-10 internal links added
2178,Blackstone Griddle Propane Tank Size Guide: Complete 2026 Buying Guide,what-size-propane-tank-blackstone-griddles,https://griddleking.com/what-size-propane-tank-blackstone-griddles/,2021-05-06T10:19:10,2026-01-27T13:47:17,1535,0,—,✅,⏳,❌,⏳,—,⏳ Pending,ORPHANED - No internal links
2127,How to Level Your Blackstone Griddle: Complete Guide for Perfect Cooking Results,how-to-level-a-blackstone-griddle,https://griddleking.com/how-to-level-a-blackstone-griddle/,2021-04-30T12:29:43,2026-01-27T13:47:19,1557,0,—,—,⏳,✅,⏳,2026-02-12,✅ Updated 2026-02-12,Fixed: 6-10 internal links added
